Num_Acc;an;mois;jour;hrmn;lum;agg;int;atm;col;com;adr;gps;lat;long;dep
201300009226;13;1;23;1715;2;1;1;8.0;1;266;;M;4844500.0;285500.0;770
201300009253;13;7;27;1515;1;2;1;1.0;3;247;Route de Saint Mars;M;4875612.0;334368.0;770
201300009261;13;9;13;1715;1;2;1;1.0;1;183;rue du guet;M;4894563.0;313368.0;770
201300009286;13;6;1;1030;1;1;1;1.0;6;11;;M;0.0;0.0;770
201300009332;13;8;23;1330;1;2;4;1.0;3;383;rue des Quatre Saulx;M;4854892.0;306420.0;770
201300009335;13;9;3;1730;1;2;1;1.0;1;8;21 MAIL SUD;M;4808079.0;187738.0;450
201300009379;13;11;9;945;1;2;2;7.0;3;155;CH ST PIERRE/R FOURCHES;M;4769501.0;260865.0;450
201300009396;13;7;2;1615;1;1;4;1.0;1;31;D2160/R POLICETTES;M;4799367.0;245415.0;450
201300009421;13;8;23;1515;1;1;2;1.0;3;343;D 94/D 38;M;4803881.0;263656.0;450
201300009436;13;10;8;730;2;1;1;1.0;3;233;;M;4820309.0;242702.0;450
201300009437;13;6;8;900;1;2;1;1.0;1;310;25 ROUTE D' ENZENVILLE;M;4830901.0;223217.0;450
201300009465;13;10;6;2000;5;1;6;1.0;2;6;;M;0.0;0.0;280
201300009490;13;10;2;1215;1;2;2;1.0;3;23;avenue de la gare;M;0.0;0.0;280
201300009504;13;8;18;1015;1;1;1;1.0;3;392;;M;0.0;0.0;280
201300009542;13;9;9;2200;3;1;1;8.0;3;98;;M;0.0;0.0;280
201300009548;13;12;31;930;1;1;2;2.0;3;98;;M;4873100.0;144300.0;280
201300009576;13;8;13;1315;1;1;1;1.0;7;177;;M;4650520.0;136182.0;360
201300009588;13;5;3;2200;5;2;4;1.0;1;31;;M;4688850.0;140896.0;360
201300009589;13;7;8;1615;1;1;1;1.0;7;232;;M;4680940.0;136530.0;360
201300009597;13;2;3;1730;1;1;1;1.0;2;93;;M;4699390.0;160129.0;360
201300009609;13;9;1;1000;1;1;1;1.0;3;107;;M;0.0;0.0;360
201300009668;13;1;30;1730;2;1;1;7.0;2;2;;M;0.0;0.0;370
201300009676;13;12;30;1530;1;1;1;8.0;1;2;;M;0.0;0.0;370
201300009722;13;9;5;1530;1;1;6;1.0;7;118;;M;0.0;0.0;370
201300009732;13;4;10;2045;2;1;1;3.0;3;40;;M;0.0;0.0;370
201300009752;13;9;13;1600;1;2;1;1.0;2;132;rue de l'Amiral de Point;M;4714200.0;100200.0;370
201300009786;13;2;6;745;2;2;1;7.0;3;106;ROUTE DE VIERZON;M;4759140.0;202361.0;410
201300009798;13;1;23;1545;1;2;1;1.0;3;143;57 RUE LEROY;M;4798260.0;90701.0;410
201300009827;13;6;27;830;1;2;1;1.0;1;281;;M;4802304.0;-382837.0;290
201300009829;13;8;14;1945;2;1;4;7.0;1;274;;M;4800598.0;-375003.0;290
201300009836;13;12;10;1530;1;1;1;1.0;3;33;;M;0.0;0.0;130
201300009844;13;8;13;1830;1;2;1;1.0;3;116;R DE BERNES;M;4915680.0;232430.0;950
201300009895;13;3;29;905;1;2;1;1.0;3;4;JAMES WYLLIE BD;;;;60
201300009912;13;4;18;1100;1;2;1;1.0;3;4;LITTORAL(BDM APRES BIJOU;;;;60
201300009928;13;5;19;1050;1;2;1;1.0;2;4;31, GUILLAUMONT BD CHARL;;;;60
201300009948;13;6;21;825;1;2;2;1.0;2;4;112, WILSON BD;;;;60
201300009952;13;6;22;825;1;1;1;1.0;5;4;RD6098;;;;60
201300009956;13;6;26;1726;1;2;3;1.0;6;4;0, MERMOZ AV.;;;;60
201300009970;13;7;6;905;1;2;1;1.0;3;4;148, KENNEDY BD J F;;;;60
201300009972;13;7;9;645;1;2;3;1.0;7;4;BAINS AV.ET IMP.DES;;;;60
201300009984;13;7;18;905;1;2;3;2.0;3;4;, KENNEDY BD J.F.;;;;60
201300009997;13;8;7;2240;3;2;3;1.0;3;155;15, GAULLE AV.DU GENERAL;;;;60
201300010001;13;8;12;1420;1;2;1;1.0;6;155;6, ROUSTAN AV.ET BD DES;;;;60
201300010006;13;8;20;1050;1;2;9;1.0;3;4;000, GALLICE AV.ET PASSA;;;;60
201300010017;13;8;31;1515;1;2;1;1.0;6;4;RD6098;;;;60
201300010045;13;9;30;1400;1;2;1;1.0;3;4;BRIAND AV.ARISTIDE;;;;60
201300010056;13;10;13;1350;1;2;2;1.0;3;4;GAROUPE BD DE LA;;;;60
201300010093;13;12;29;1145;1;2;1;1.0;6;4;JAMES WYLLIE BD;;;;60
201300010128;13;3;22;1415;1;2;1;1.0;3;123;POMPIDOU GEORGES BOULEVA;;;;60
201300010153;13;6;14;1305;1;2;1;1.0;1;27;PROMENADE DE L HIPPODROM;;;;60
201300010154;13;6;16;840;1;2;1;1.0;2;27;PLAGE BOULEVARD DE LA;;;;60
201300010168;13;7;13;1220;1;2;3;1.0;3;27;PLAGE BOULEVARD DE LA;;;;60
201300010182;13;7;31;830;1;2;1;1.0;2;123;564, DE GAULLE GENERAL A;;;;60
201300010189;13;8;9;800;1;2;1;1.0;3;123;280, VAUBAN AVENUE;;;;60
201300010224;13;10;1;1310;1;2;3;1.0;3;123;FAHNESTOCK G. CORNICHE;;;;60
201300010241;13;11;7;700;1;2;1;1.0;1;27;PLAGE BOULEVARD DE LA;;;;60
201300010252;13;12;3;845;1;2;3;1.0;3;123;163, 11 NOVEMBRE AVENUE;;;;60
201300010259;13;12;12;1123;1;2;1;1.0;6;123;BORD DE MER RN 98;;;;60
201300010271;13;1;7;918;1;2;1;1.0;3;29;JUIN (AVENUE MARECHAL);;;;60
201300010277;13;1;25;1130;1;2;1;1.0;3;29;MIDI (BOULEVARD DU);;;;60
201300010287;13;3;3;1720;4;2;1;1.0;7;29;CROISETTE (BOULEVARD DE);;;;60
201300010301;13;4;13;1610;1;2;3;1.0;6;29;MONTE-CARLO (AVENUE);;;;60
201300010310;13;5;4;550;2;2;1;1.0;3;29;ESTEREL (BOULEVARD DE L';;;;60
201300010336;13;6;24;1655;1;2;1;1.0;6;29;73, CROISETTE (BOULEVARD;;;;60
201300010346;13;7;13;1430;1;2;1;1.0;6;29;272, JOURDAN (AVENUE MIC;;;;60
201300010365;13;8;28;1830;1;2;1;1.0;6;29;RIOU (BOULEVARD DU);;;;60
201300010379;13;9;26;1300;1;2;1;1.0;3;29;COUBERTIN (AVENUE PIERRE;;;;60
201300010381;13;10;1;1004;1;2;1;1.0;3;29;MIDI (BOULEVARD DU);;;;60
201300010395;13;11;10;1555;1;2;1;1.0;3;30;84, DOUMER (BOULEVARD PA;;;;60
201300010415;13;1;16;1520;1;2;6;1.0;3;69;x, CRESP (COURS HONORE);;;;60
201300010432;13;2;12;1550;1;2;1;1.0;3;69;x, Rd point des Quatre C;;;;60
201300010463;13;4;14;1055;1;2;1;1.0;3;69;11, SIDI BRAHIM (AVENUE);;;;60
201300010571;13;9;20;1855;1;2;1;1.0;2;69;27, THIERS (AVENUE);;;;60
201300010578;13;9;25;1055;1;2;1;1.0;7;69;x, CARNOT (BOULEVARD ET;;;;60
201300010582;13;9;26;1705;1;2;1;1.0;7;69;5, SAINT EXUPERY (AVENUE;;;;60
201300010584;13;10;1;1125;1;2;1;1.0;1;69;3, DE GAULLE (AVENUE DU;;;;60
201300010629;13;12;7;1300;1;2;1;1.0;3;69;47, DUVAL (AVENUE MATHIA;;;;60
201300010644;13;1;9;1850;5;2;3;1.0;3;83;5, FAURE (AVENUE FELIX);;;;60
201300010671;13;5;24;1055;1;2;3;1.0;6;83;10, REPUBLIQUE (RUE DE L;;;;60
201300010689;13;8;18;955;1;2;1;1.0;3;104;36, CHURCHILL (AVENUE WI;;;;60
201300010739;13;1;20;1700;2;2;1;3.0;6;88;52 bis, RIQUIER (BD DE);;;;60
201300010784;13;2;8;1700;2;2;1;1.0;3;88;71, ETATS UNIS (QUAI DES;;;;60
201300010867;13;3;21;1110;1;2;1;1.0;3;88;ALLEGRE (AV. JEAN);;;;60
201300010876;13;3;27;1130;1;2;1;1.0;3;88;0, DIABLES BLEUS (AV. DE;;;;60
201300010890;13;4;3;1800;1;2;7;1.0;6;88;0, FAURE (AV. FELIX);;;;60
201300010914;13;4;14;1700;1;2;2;1.0;3;88;14, CESSOLE (BD DE) (JUS;;;;60
201300010979;13;5;21;1845;1;2;1;1.0;6;88;0, AEROPORT (EXTRA MUROS;;;;60
201300011001;13;5;31;2005;1;2;1;1.0;6;88;83, ARIANE (BD DE L');;;;60
201300011036;13;6;17;1455;1;2;1;1.0;6;88;101, GAMBETTA (A PARTIR;;;;60
201300011054;13;6;24;900;1;2;1;1.0;2;88;0, GIACOBI (AV.);;;;60
201300011055;13;6;24;1115;1;2;2;1.0;7;88;0, PELLOS (R. FRANCOIS);;;;60
201300011084;13;7;5;1245;1;2;1;1.0;3;88;sans, DE LATTRE DE TASSI;;;;60
201300011093;13;7;10;1015;1;2;1;1.0;6;88;61, MADELEINE (BD DE LA);;;;60
201300011097;13;7;11;915;1;2;1;1.0;6;88;34, STE MARGUERITE (AV.);;;;60
201300011100;13;7;11;1630;1;2;1;1.0;2;88;0, NAPOLEON III (PONT);;;;60
201300011116;13;7;17;958;1;2;1;1.0;6;88;400, ANGLAIS PLAGE(  PAR;;;;60
201300011118;13;7;17;1720;1;2;1;1.0;6;88;125, PASTEUR (BD);;;;60
201300011129;13;7;22;1610;1;2;1;1.0;3;88;0, GARIGLIANO (PONTS);;;;60
201300011157;13;8;3;1830;1;2;1;1.0;3;88;12, BUFFA (RUE DE LA);;;;60
201300011225;13;9;19;1740;1;2;1;1.0;3;159;1, ALBERT 1ER (AVENUE);;;;60
201300011240;13;9;26;1900;1;2;2;1.0;3;88;0, SEMERIA (AV. DENIS);;;;60
201300011243;13;9;30;954;1;2;1;1.0;2;88;DURANDY (AV. JOSEPH);;;;60
201300011262;13;10;9;940;1;2;1;1.0;2;88;0, POMPIDOU (BD GEORGES);;;;60
201300011321;13;11;2;845;1;2;1;1.0;6;88;52, CARNOT (BD);;;;60
201300011322;13;11;2;2100;5;2;1;1.0;1;88;0, BAVASTRO (RUE);;;;60
201300011330;13;11;6;955;1;2;3;1.0;3;88;VERANY (BD J.B.);;;;60
201300011370;13;11;24;1300;1;2;1;1.0;6;88;33, GORBELLA (BD DE);;;;60
201300011433;13;12;18;1230;1;2;1;1.0;6;88;23, SAINT-ROCH (BD DE);;;;60
201300011460;13;10;12;1530;1;1;1;2.0;1;231;;M;0.0;0.0;580
201300011463;13;8;31;2245;3;1;1;1.0;2;473;;M;4727100.0;506300.0;210
201300011491;13;5;9;1755;1;2;6;2.0;3;281;ROND-POINT POLE 2000;;;;70
201300011508;13;2;20;900;1;2;1;1.0;2;186;DEPARTEMENTALE D2;;;;70
201300011509;13;4;10;1000;1;1;3;1.0;3;340;RUISSOL (LE);;;;70
201300011510;13;3;30;1650;1;2;6;3.0;3;186;INDUSTRIE (AVENUE DE L');;;;70
201300011517;13;4;11;1130;1;2;1;1.0;3;334;ZA BELLEVUE;M;4815212.0;-158598.0;350
201300011530;13;5;6;1730;1;1;1;1.0;1;232;;M;0.0;0.0;230
201300011671;13;8;28;1615;1;1;1;7.0;3;542;;M;4671294.0;413271.0;710
201300011743;13;3;8;1500;1;1;1;1.0;1;278;;M;0.0;0.0;680
201300011846;13;4;19;1545;1;2;1;1.0;3;32;av. p?re sylvain giraud;M;4357053.0;535599.0;130
201300011848;13;7;17;1645;1;1;1;1.0;7;114;;M;4354691.0;529052.0;130
201300011888;13;1;17;1620;1;1;1;1.0;6;105;NOUZONVILLE;M;4979450.0;474421.0;80
201300011891;13;2;18;955;1;2;1;1.0;6;105;2, DE GAULLE AVENUE;M;4976640.0;471864.0;80
201300011894;13;3;26;640;2;2;3;1.0;3;105;EVIGNY;M;4972880.0;471307.0;80
201300011918;13;7;21;1045;1;1;1;1.0;1;11;;M;0.0;0.0;130
201300011919;13;9;6;1115;1;1;1;1.0;7;11;;M;4374794.0;483115.0;130
201300011920;13;12;14;1030;1;2;2;1.0;1;65;;M;0.0;0.0;130
201300011924;13;5;9;1645;1;1;3;1.0;3;67;;M;4749440.0;152012.0;410
201300011935;13;7;5;1515;1;1;1;1.0;3;212;;M;4840467.0;-461940.0;290
201300011979;13;6;17;1915;1;2;1;1.0;3;506;avenue de gameville;M;0.0;0.0;310
201300011997;13;7;31;630;1;1;2;1.0;3;139;26139;M;4507130.0;509160.0;260
201300012011;13;8;29;930;1;1;6;1.0;3;23;26023;M;0.0;0.0;260
201300012014;13;9;24;1000;1;1;1;1.0;2;250;26250;M;0.0;0.0;260
201300012018;13;9;30;1315;1;1;1;1.0;1;139;26139;M;0.0;0.0;260
201300012032;13;11;21;1430;1;1;1;1.0;3;160;26160;M;0.0;0.0;260
201300012085;13;10;19;1445;1;2;3;1.0;3;810;RUE DE LA BELLIEUE;M;4924712.0;309103.0;20
201300012110;13;4;16;830;1;2;1;1.0;1;486;rue Joseph Moutin;M;0.0;0.0;380
201300012113;13;5;15;845;1;2;2;1.0;3;485;rue de Cartale;M;0.0;0.0;380
201300012235;13;8;11;1715;1;1;1;1.0;6;42;;M;0.0;0.0;130
201300012305;13;5;18;1115;1;2;3;1.0;3;159;Route de Gravin;M;0.0;0.0;740
201300012313;13;7;20;1400;1;1;1;1.0;1;169;;M;0.0;0.0;740
201300012320;13;9;2;1200;1;2;1;1.0;3;81;RUE MARCELLIN BERTHELOT;M;0.0;0.0;740
201300012428;13;5;21;1315;1;1;1;1.0;1;65;;M;4217194.0;860838.0;201
201300012433;13;3;26;1815;1;2;6;1.0;1;140;Avenue de l'Abbaye;M;0.0;0.0;380
201300012435;13;12;13;1315;1;2;1;1.0;3;140;rd1090;M;0.0;0.0;380
201300012509;13;2;19;1430;1;2;1;1.0;1;279;Avenue Mellet Mandard;M;4551080.0;426696.0;420
201300012517;13;6;7;1845;1;1;2;1.0;3;244;;M;0.0;0.0;910
201300012525;13;6;26;1545;1;2;1;1.0;1;461;D26;M;0.0;0.0;510
201300012526;13;7;4;1530;1;1;2;1.0;3;614;CH. DE LA BARBARIE/CV;M;0.0;0.0;510
201300012529;13;9;4;1715;1;2;1;1.0;3;333;RUE DE REIMS;M;0.0;0.0;510
201300012536;13;4;18;730;1;2;6;1.0;3;157;PLACE DE RETHONDES;M;4354439.0;134616.0;310
201300012554;13;10;1;1700;1;1;6;1.0;2;152;;M;0.0;0.0;60
201300012578;13;5;13;1845;1;1;1;1.0;1;137;;M;4600700.0;618800.0;740
201300012625;13;9;17;700;2;1;3;1.0;1;210;;M;4815062.0;-179674.0;350
201300012628;13;12;28;1645;1;1;1;2.0;1;214;;M;4750281.0;-282700.0;560
201300012633;13;8;1;1115;1;1;1;1.0;2;240;;M;4750814.0;-275080.0;560
201300012710;13;5;20;1730;1;2;1;1.0;1;84;Corniche Paul Besnard;M;0.0;0.0;60
201300012764;13;5;21;1745;1;2;1;2.0;6;387;Anatole France (Ave);M;4828425.0;407297.0;100
201300012769;13;6;1;1040;1;2;9;1.0;6;362;DAMES (RUE DES);;;;100
201300012775;13;6;5;2020;1;2;1;1.0;2;362;50, NOES (RUE DES);;;;100
201300012785;13;8;8;1705;1;2;1;1.0;3;387;195, GENERAL LECLERC (RU;M;4830948.0;405408.0;100
201300012786;13;7;24;1925;1;2;3;1.0;3;387;HENRI BARBUSSE (RUE);M;4830046.0;408683.0;100
201300012791;13;9;4;1836;1;2;2;1.0;3;387;MAJOR GENERAL VANIER (AV;M;4830354.0;407292.0;100
201300012800;13;11;5;2128;5;2;2;1.0;3;387;PIERRE BROSSOLETTE (RUE);M;4828907.0;407684.0;100
201300012806;13;12;9;755;5;2;6;1.0;2;343;CHATEAU DES COURS (RUE D;M;4827390.0;409271.0;100
201300012830;13;6;23;1445;1;1;1;1.0;6;148;;M;4371300.0;705000.0;60
201300012920;13;9;6;1051;1;1;1;1.0;2;69;ROCADE SUD RD 342;;;;110
201300012961;13;4;2;850;1;2;1;1.0;6;69;37, JAURES JEAN -BD-IMPA;;;;110
201300012971;13;4;19;1534;1;2;1;1.0;6;69;35, IENA -ALLEE D'- N? I;;;;110
201300012985;13;5;12;1550;1;1;1;1.0;6;69;MONGE GASPARD;;;;110
201300012994;13;6;13;1837;1;2;1;1.0;2;69;8, MAURETTE MICHELE;;;;110
201300012999;13;6;25;1124;1;2;1;1.0;3;69;2, RAMOND AIME;;;;110
201300013030;13;9;3;1731;1;2;1;1.0;6;69;23, AUDE -BERGES DE L'-;;;;110
201300013074;13;10;28;1015;1;1;3;1.0;3;584;rte toulouse/ch sansonne;M;0.0;0.0;310
201300013089;13;2;15;1805;1;2;3;1.0;3;262;LOUBAT (AVENUE DE PECH);;;;110
201300013092;13;2;15;1210;1;2;1;1.0;3;262;DOMITIUS (AVENUE);;;;110
201300013106;13;5;16;1420;1;2;2;1.0;3;262;ROUZAUD (RUE HENRI);;;;110
201300013117;13;6;27;1425;1;2;1;1.0;3;262;LACROIX (BOULEVARD DU DO;;;;110
201300013124;13;2;20;1325;1;2;1;1.0;3;262;1, ELYSIQUES (VOIES DES);;;;110
201300013127;13;9;4;1015;1;2;6;1.0;3;262;GRUISSAN (ROUTE DE);;;;110
201300013132;13;8;8;1115;1;2;2;1.0;3;262;1848 (BOULEVARD)/MALTE B;;;;110
201300013167;13;5;10;1505;1;2;1;1.0;7;262;MALACHITE (RUE DE LA);;;;110
201300013178;13;6;16;1625;1;2;1;1.0;6;262;1848 (BOULEVARD);;;;110
201300013188;13;7;7;1035;1;2;1;1.0;3;262;171, BORDEAUX (AVENUE DE;;;;110
201300013205;13;9;13;1840;1;2;1;1.0;2;262;LECLERC (AVENUE DU GENER;;;;110
201300013212;13;10;21;955;1;2;1;1.0;6;262;0, JOFFRE (BOULEVARD MAR;;;;110
201300013277;13;4;6;1400;1;2;3;8.0;3;83;49, GUESDE JULES;;;;120
201300013278;13;8;30;1735;1;1;3;1.0;3;305;SAINT EXUPERY;M;4454300.0;0.0;120
201300013483;13;9;6;1405;1;2;2;1.0;6;4;0, MARECHAL JUIN AVENUE;M;4366874.0;463447.0;130
201300013485;13;9;28;2300;5;2;2;1.0;3;4;GEORGES*CLEMENCEAU (BD);M;4367497.0;462502.0;130
201300013562;13;6;3;1230;1;2;6;1.0;6;5;1, SALENGRO (AVENUE ROGE;M;4329638.0;556864.0;130
201300013607;13;8;17;1030;1;1;1;1.0;7;5;CD 2 (CAMP MAJOR);M;4329300.0;556761.0;130
201300013615;13;9;3;650;1;2;3;7.0;3;5;N 8 DE PARIS A TOULON;M;4328633.0;558685.0;130
201300013650;13;10;15;640;5;2;6;1.0;3;5;NATIONALE 8 DE PARIS A T;M;4328426.0;559366.0;130
201300013707;13;8;6;815;1;2;6;1.0;6;28;Rond Point DULAC/ROVARCH;M;4319258.0;560936.0;130
201300013744;13;6;11;1710;1;2;3;1.0;3;43;FRANCOIS MITTERAND  AVEN;M;4339710.0;525174.0;130
201300013761;13;8;27;1110;1;2;1;1.0;3;54;10, ROSE DES VENTS  LA;;;;130
201300013773;13;10;24;1545;1;2;1;1.0;3;54;6, MISTRAL  BD FREDERIC;M;4341511.0;521692.0;130
201300013835;13;12;13;1700;1;2;2;1.0;2;55;BD. ROLAND DORGELES;M;4334729.0;537838.0;130
201300013842;13;12;21;1800;5;2;2;1.0;3;55;AVE DE FRAIS VALLON;M;4332554.0;543049.0;130
201300013874;13;12;3;1410;1;2;1;1.0;3;55;38, QAI DE RIVE NEUVE;M;4329259.0;536735.0;130
201300013902;13;1;20;1830;5;2;1;8.0;1;55;1, PCE JEAN JAURES;;;;130
201300013935;13;1;9;1100;1;2;1;1.0;6;55;111, RTE DE LA VALENTINE;M;4329076.0;547362.0;130
201300013980;13;12;31;1045;1;2;1;1.0;3;55;73, CHE DES BOURRELY;M;4338113.0;536304.0;130
201300014020;13;1;12;1200;1;1;1;1.0;3;55;RTE LEON LACHAMP;;;;130
201300014211;13;8;4;1500;1;2;1;1.0;6;55;202, RTE LEON LACHAMP;M;4324851.0;545371.0;130
201300014235;13;2;6;745;1;2;2;1.0;3;55;RUE FARGES;M;4328042.0;538366.0;130
201300014407;13;3;8;1635;1;2;3;1.0;3;55;TRA MARITIM;M;4333945.0;535538.0;130
201300014412;13;3;9;1545;1;2;1;1.0;2;2;663, RASCOUS (CHEMIN DES;M;4334551.0;547639.0;130
201300014452;13;3;27;755;1;2;1;1.0;3;55;76, BD DES FAUVETTES;M;4331559.0;543895.0;130
201300014462;13;3;28;1145;1;2;1;2.0;3;55;35, CRS LIEUTAUD;M;4329364.0;538225.0;130
201300014497;13;3;14;1915;1;2;1;1.0;6;55;80, RUE SAINTE;M;4329135.0;537003.0;130
201300014516;13;4;8;2105;5;2;1;1.0;7;55;3, PCE JEAN JAURES;M;4329600.0;538689.0;130
201300014551;13;3;2;1501;1;2;6;1.0;3;55;RPT DU LAPIN BLANC;M;4324706.0;538261.0;130
201300014632;13;4;26;1910;2;2;1;1.0;3;55;PRO DU GRAND LARGE;M;4324193.0;536639.0;130
201300014659;13;4;23;1910;1;2;1;1.0;3;55;02, BD SAKAKINI;M;4329954.0;540073.0;130
201300014682;13;4;14;205;5;2;3;1.0;1;55;432, BD MICHELET;M;4325269.0;540227.0;130
201300014862;13;2;21;1030;1;2;1;1.0;6;75;54, FR?D?RIC CHEVILLON (;M;4334665.0;546272.0;130
201300014873;13;5;13;1630;1;2;1;1.0;6;55;11, BD NATIONAL;M;4330212.0;538714.0;130
201300014891;13;5;23;915;1;2;1;1.0;3;55;252, AVE DES OLIVES;M;4332390.0;544419.0;130
201300014932;13;6;13;1830;1;2;1;1.0;7;55;28, BD DU COMMANDANT FIN;M;4333127.0;538476.0;130
201300014936;13;2;3;2000;4;2;3;1.0;1;55;72, AVE DE TOULON;M;4328386.0;539623.0;130
201300014947;13;5;2;1650;1;2;1;1.0;6;55;288, RUE PARADIS;M;4328055.0;538225.0;130
201300014979;13;5;13;1930;1;2;1;1.0;3;55;B4, RUE DES CEDRATS;;;;130
201300014994;13;4;30;1100;1;2;1;1.0;2;55;BD BASILE BARRELIER;;;;130
201300015004;13;6;15;2215;3;2;1;1.0;2;55;1, CHE DU LITTORAL;M;4333108.0;535489.0;130
201300015024;13;6;1;220;5;2;1;1.0;6;55;3, CRS JULIEN;M;4329511.0;538281.0;130
201300015046;13;4;13;1745;1;2;1;1.0;3;55;01, AVE VITON;M;4326203.0;540444.0;130
201300015158;13;7;10;1830;1;2;1;1.0;3;55;4, RUE SAINT ETIENNE;M;4328557.0;539521.0;130
201300015188;13;7;10;1245;1;2;3;1.0;3;55;23, RUE AVIATEUR LE BRIX;M;4326145.0;540378.0;130
201300015230;13;7;19;907;1;2;6;1.0;2;2;30, MARCEL PAGNOL (AV);M;4333117.0;548843.0;130
201300015239;13;7;10;1745;1;2;1;1.0;3;55;48, BD FERDINAND DE LESS;M;4332107.0;537516.0;130
201300015274;13;7;22;1700;1;2;1;1.0;3;55;397, COR PRESIDENT JOHN;M;4326991.0;536597.0;130
201300015343;13;8;19;750;1;2;1;1.0;3;55;221, BD PAUL CLAUDEL;M;4326847.0;541927.0;130
201300015442;13;8;27;2205;5;2;1;1.0;3;55;169, AVE DE LA CAPELETTE;M;4328074.0;540731.0;130
201300015553;13;9;5;730;1;2;1;1.0;3;55;314, AVE DU PRADO;M;4327221.0;539087.0;130
201300015565;13;9;6;1530;1;2;1;1.0;6;55;180, AVE DU PRADO;M;4327792.0;538824.0;130
201300015605;13;9;13;1525;1;2;1;1.0;6;55;00, CV DE MORGIOU;;;;130
201300015608;13;9;28;1515;1;2;1;1.0;6;55;13, MAR DES CAPUCINS;M;4329645.0;538049.0;130
201300015694;13;9;27;1100;1;2;1;1.0;6;55;79, BD ROMAIN ROLLAND;M;4327918.0;542288.0;130
201300015710;13;7;1;1110;1;2;1;1.0;7;55;34, BD DU REDON;M;4325638.0;541976.0;130
201300015718;13;9;23;1610;1;2;1;1.0;6;55;00, RUE TEISSERE;;;;130
201300015758;13;9;16;2000;2;2;1;1.0;6;55;27, RUE SAINT SAVOURNIN;M;4329893.0;538814.0;130
201300015796;13;11;3;1700;1;2;1;7.0;6;55;VSN LEON LACHAMP (RTE);;;;130
201300015862;13;10;13;1315;1;2;1;1.0;2;55;43, BD GEMY;M;4332071.0;541445.0;130
201300015867;13;9;28;1330;1;2;1;1.0;2;55;00, PCE CASTELLANE;M;4328606.0;538357.0;130
201300015871;13;11;5;1835;5;2;2;1.0;3;75;67, LOUIS PASTEUR (AVE);M;4335650.0;546659.0;130
201300015889;13;10;27;1545;1;1;1;1.0;5;2;ETIENNE CUCCA-CD908 (AVE;;;;130
201300015910;13;9;6;1445;1;2;1;1.0;3;55;12, AVE JENNY HELIA;M;4336685.0;535621.0;130
201300015999;13;11;24;1740;1;2;2;1.0;3;55;64, BD DE LA BLANCARDE;M;4330291.0;540074.0;130
201300016058;13;11;28;700;5;2;1;1.0;3;55;AVE MERLEAU PONTY;;;;130
201300016085;13;11;9;935;1;2;1;1.0;3;55;70, AVE DE HAMBOURG;M;4325116.0;538796.0;130
201300016115;13;12;10;1830;5;2;1;1.0;3;55;76, BD DES DAMES;M;4330247.0;536947.0;130
201300016218;13;4;14;945;1;1;1;1.0;2;56;VERDON;M;4333540.0;504903.0;130
201300016223;13;5;13;1640;1;1;1;1.0;3;26;CD 9;;;;130
201300016233;13;6;16;1210;1;1;1;1.0;3;56;COURONNE;;;;130
201300016297;13;5;25;1200;1;2;1;1.0;3;103;271, AVENUE DU 22 AOUT 1;M;4363644.0;508116.0;130
201300016302;13;8;27;1730;1;2;2;1.0;3;103;RUE LABADIE;M;4364218.0;509315.0;130
201300016307;13;11;4;1130;1;2;1;2.0;3;103;AVENUE FABRE -JULIEN;;;;130
201300016391;13;1;26;1815;5;2;9;1.0;3;71;0, MITTERRAND (AVENUE FR;;;;130
201300016466;13;7;22;2310;5;2;9;1.0;3;117;1, ESTROUBLANS 6 (BATIME;;;;130
201300016507;13;9;26;1800;1;2;1;1.0;1;71;CANAIE (LOTISSEMENT LA);;;;130