Num_Acc;an;mois;jour;hrmn;lum;agg;int;atm;col;com;adr;gps;lat;long;dep
201300016617;13;4;2;1430;1;2;2;1.0;3;256;AV CHARLES DE GAULLE;M;4900710.0;228120.0;950
201300016646;13;4;8;1630;1;2;1;1.0;1;512;50 rue principale;M;0.0;0.0;670
201300016653;13;1;8;825;4;2;1;1.0;6;118;51, FALAISE (RUE DE);M;4917310.0;-35433.0;140
201300016673;13;2;22;1800;1;2;1;1.0;3;341;4, LAVIGERIE (RUE CARDIN;M;4916050.0;-36191.0;140
201300016675;13;2;27;1100;1;2;1;1.0;3;118;1, BLOT (PLACE);;;;140
201300016715;13;6;20;1830;1;2;1;1.0;3;341;40 RUE DES SABLONNETTES;M;4915430.0;-35330.0;140
201300016727;13;9;12;2045;5;2;1;1.0;6;118;200, CAPONIERE (RUE <=;;;;140
201300016728;13;9;14;1615;1;2;1;1.0;6;587;1, SOLOGNE (RUE DE);;;;140
201300016741;13;10;28;1630;1;2;1;2.0;6;118;99, CHEMIN VERT (RUE DU;;;;140
201300016766;13;8;5;1755;1;2;2;1.0;3;117;1, GUILLAUME LE CONQUERA;;;;140
201300016769;13;8;15;1145;1;2;3;1.0;3;338;0, JACQUES LANDRY (BOULE;;;;140
201300016772;13;9;25;1800;1;2;1;1.0;7;117;1, GENERAL LECLERC (AVEN;;;;140
201300016774;13;11;30;1325;1;2;3;1.0;3;225;HETTSTEDT (AVENUE DE);;;;140
201300016786;13;9;11;1830;1;2;1;1.0;1;135;D 999;M;4383037.0;456379.0;300
201300016788;13;11;4;1145;1;1;1;1.0;2;34;;M;4371800.0;445978.0;300
201300016819;13;6;23;1530;1;2;2;1.0;3;536;CANTELOUP (AVENUE DU);M;4940870.0;24692.0;140
201300016826;13;9;14;1840;1;2;1;8.0;3;333;5, ROUILLIE (RUE E.);;;;140
201300016874;13;12;20;1615;1;1;1;1.0;6;281;;M;0.0;0.0;370
201300016905;13;4;20;1130;1;2;1;1.0;4;574;D 511 SAINT D?SIR 14100;M;4912550.0;18967.0;140
201300016932;13;9;12;1725;1;2;1;1.0;3;366;6, JEAN BOUIN (RUE);;;;140
201300016946;13;8;5;2015;1;2;1;1.0;1;83;11 RUE NOTRE DAME;M;0.0;0.0;370
201300016950;13;8;9;1700;1;1;1;1.0;1;88;;M;0.0;0.0;870
201300016999;13;8;20;845;1;1;1;1.0;2;679;;M;4875600.0;94200.0;270
201300017033;13;6;10;1600;1;1;1;1.0;3;46;;M;0.0;0.0;40
201300017089;13;8;17;1400;1;1;9;1.0;3;82;LA TACHE;M;4483220.0;129087.0;240
201300017111;13;5;23;1740;1;1;1;1.0;3;651;;M;4740944.0;489785.0;210
201300017152;13;10;2;1015;1;1;1;1.0;3;181;;M;0.0;0.0;70
201300017156;13;4;22;1545;1;1;1;1.0;3;191;;M;0.0;0.0;70
201300017165;13;6;28;1400;1;1;1;1.0;6;17;;M;0.0;0.0;70
201300017174;13;10;30;1800;3;1;9;1.0;1;52;;M;0.0;0.0;70
201300017203;13;6;1;1930;1;1;1;1.0;1;275;Les Grandes Vignes;M;4591516.0;-13234.0;160
201300017213;13;7;25;1200;1;2;1;1.0;6;46;13 ROUTE DE BRIANTES;M;4657640.0;199738.0;360
201300017221;13;4;10;1130;1;2;4;1.0;3;6;;M;4659160.0;152301.0;360
201300017233;13;6;26;1745;1;2;3;1.0;3;33;Rue Maurice Emmanuel;M;4823028.0;471796.0;100
201300017236;13;11;5;1045;1;1;1;2.0;2;32;;M;0.0;0.0;100
201300017275;13;12;4;1500;1;2;1;1.0;3;75;LIEU DIT GIVRY;M;4701269.0;305871.0;180
201300017299;13;3;16;1030;1;2;1;1.0;6;197;17 RUE FRADET;M;4672398.0;250432.0;180
201300017306;13;11;11;1300;1;2;2;1.0;1;197;Rochette, Audebrand;M;4672170.0;250671.0;180
201300017333;13;2;16;1145;1;1;1;8.0;2;290;;M;4727377.0;223292.0;180
201300017334;13;3;10;1845;2;1;1;1.0;3;11;;M;4757000.0;246500.0;180
201300017348;13;7;11;1700;1;1;6;1.0;2;237;;M;4707783.0;218058.0;180
201300017361;13;12;11;1215;1;1;4;1.0;3;103;Crole-La Boisiere;M;4565460.0;591350.0;730
201300017367;13;6;7;1730;1;1;1;1.0;3;51;;M;0.0;0.0;730
201300017368;13;6;16;1400;1;1;1;1.0;7;51;;M;4565513.0;583551.0;730
201300017380;13;9;14;1215;1;1;1;1.0;1;256;;M;4520784.0;645796.0;730
201300017404;13;7;2;1430;1;2;1;1.0;3;443;RUE DU FRONTON;M;0.0;0.0;640
201300017411;13;4;8;1815;1;2;1;1.0;1;300;91 R COURTINIERES;M;4784406.0;202489.0;450
201300017450;13;7;10;1245;1;2;2;1.0;3;472;4 rue de Beaudeduit;M;0.0;0.0;600
201300017453;13;7;28;945;1;1;1;1.0;1;84;;M;0.0;0.0;600
201300017494;13;8;5;745;1;1;1;1.0;3;582;;M;4948100.0;294200.0;600
201300017519;13;8;9;945;1;1;1;1.0;6;84;;M;0.0;0.0;830
201300017551;13;4;24;1600;1;2;2;1.0;3;82;RUE PIERRE MARIE;M;4947000.0;-164118.0;500
201300017603;13;7;24;1515;1;2;1;1.0;3;158;RD 6202, PR74+350;M;4394100.0;708700.0;60
201300017615;13;3;17;915;1;2;1;1.0;2;358;CD 302;M;0.0;0.0;720
201300017618;13;8;28;1830;1;1;1;1.0;3;89;;M;0.0;0.0;720
201300017645;13;6;5;1045;1;2;1;1.0;3;465;;M;4847139.0;629509.0;540
201300017660;13;9;6;1600;1;1;1;1.0;1;24;;M;0.0;0.0;660
201300017664;13;3;30;1520;1;2;1;1.0;2;220;;M;4936280.0;8486.0;140
201300017680;13;9;22;925;1;2;1;1.0;6;699;LOUVEL ET BRIERE (RUE);;;;140
201300017798;13;3;11;1400;1;1;3;1.0;3;52;;M;4602540.0;499055.0;10
201300017801;13;8;13;955;1;2;2;1.0;3;5;;M;4599870.0;490240.0;10
201300017839;13;3;8;1715;1;2;3;1.0;3;109;rue du Mayet d'ecole;M;0.0;0.0;30
201300017847;13;8;3;1045;1;1;1;2.0;7;17;;M;4414000.0;530400.0;840
201300017868;13;6;5;2330;4;2;1;1.0;7;154;route de la montagne;M;4930900.0;340900.0;20
201300017894;13;8;26;1930;1;2;1;1.0;1;529;AVENUE D URIAGE;M;0.0;0.0;380
201300017902;13;7;7;1115;1;1;1;1.0;7;39;;M;0.0;0.0;380
201300017948;13;8;13;1345;1;1;1;1.0;1;165;;M;4780847.0;-422555.0;290
201300017989;13;8;17;1515;1;2;1;1.0;1;320;15 rue de la Fontaine;M;0.0;0.0;350
201300017994;13;3;20;1450;1;2;2;1.0;1;188;rue St Nicolas;M;4813849.0;-195064.0;350
201300018006;13;7;6;1600;3;1;1;1.0;6;299;;M;0.0;0.0;350
201300018043;13;3;17;1115;1;1;1;6.0;7;5;55 rte de la sicaudais;M;0.0;0.0;440
201300018047;13;6;24;1545;1;1;1;1.0;1;169;l'offcière;M;0.0;0.0;440
201300018059;13;4;26;1200;1;1;1;1.0;3;69;;M;0.0;0.0;440
201300018075;13;6;13;1100;1;2;1;1.0;2;259;RD 9;M;0.0;0.0;250
201300018088;13;6;20;945;1;1;1;1.0;2;552;;M;0.0;0.0;390
201300018105;13;1;24;1745;4;2;4;8.0;3;375;le bourg;M;4861630.0;-298416.0;220
201300018106;13;6;11;1630;1;2;1;1.0;3;236;16 rue du languidou;M;4866334.0;-298636.0;220
201300018119;13;7;12;1515;1;1;1;1.0;1;338;;M;4864218.0;-317925.0;220
201300018128;13;5;18;1145;1;1;1;1.0;1;232;;M;4752483.0;750787.0;680
201300018146;13;5;21;1145;1;2;1;1.0;3;299;RD 64;M;0.0;0.0;340
201300018148;13;9;3;1545;1;2;6;1.0;3;36;Hameau Cartels du Bosc;M;4368800.0;335900.0;340
201300018156;13;9;27;1445;1;1;1;2.0;3;175;;M;0.0;0.0;340
201300018169;13;9;10;1134;1;2;1;1.0;3;14;195, LECLERC (AVENUE DU;;;;150
201300018179;13;11;12;1630;1;1;1;1.0;2;332;;M;0.0;0.0;340
201300018198;13;11;23;1100;1;2;1;1.0;6;290;33 all?e des cinq sceaux;M;0.0;0.0;860
201300018206;13;5;23;1745;1;1;2;1.0;5;281;LIEU DIT : ROUSSAIS;M;0.0;0.0;860
201300018210;13;8;7;2000;1;2;3;1.0;3;144;rue de mirebeau;M;0.0;0.0;860
201300018221;13;10;9;1630;1;2;1;1.0;3;137;Rue Jeanne d'Arc;M;0.0;0.0;860
201300018229;13;8;8;900;1;1;1;1.0;2;140;;M;4835612.0;-431472.0;290
201300018243;13;8;19;1100;1;2;6;1.0;3;150;;M;4756250.0;145502.0;410
201300018255;13;7;17;2000;1;1;1;1.0;2;51;;M;4735640.0;113897.0;410
201300018292;13;12;31;1500;1;2;1;1.0;1;310;boulevard max dormoy;M;0.0;0.0;470
201300018311;13;10;25;1800;1;2;1;1.0;1;97;3 All?e des Florianes;M;4550210.0;432117.0;420
201300018312;13;11;13;1600;1;1;1;1.0;1;30;;M;4581059.0;403943.0;420
201300018321;13;9;21;1045;1;1;1;7.0;3;334;;M;4584967.0;430372.0;420
201300018366;13;3;17;1115;1;1;1;1.0;2;101;La Bertraie;M;4765078.0;-7261.0;490
201300018385;13;8;14;1500;1;1;1;1.0;3;2;;M;4920500.0;555700.0;550
201300018395;13;3;25;1630;1;1;1;1.0;1;210;;M;4867069.0;-15189.0;610
201300018400;13;7;31;1500;1;1;1;1.0;3;145;LA CROIX DE LA LIEUE;M;4883011.0;-58271.0;610
201300018401;13;9;3;1130;1;1;1;7.0;2;91;;M;4858797.0;-50067.0;610
201300018421;13;10;29;1115;1;1;1;1.0;2;345;;M;4842973.0;75458.0;610
201300018491;13;7;6;1815;1;2;1;1.0;1;226;rue Saint MARTIN - D.124;M;0.0;0.0;890
201300018536;13;5;7;1430;1;1;1;1.0;3;535;;M;4700600.0;425466.0;710
201300018543;13;9;5;715;1;1;1;7.0;1;162;;M;0.0;0.0;710
201300018546;13;7;5;1200;1;2;6;1.0;3;192;rond point de l'europe;M;4686674.0;419916.0;710
201300018547;13;4;14;945;1;1;1;1.0;1;191;;M;0.0;0.0;710
201300018557;13;8;6;845;1;2;1;1.0;3;380;;M;0.0;0.0;710
201300018580;13;2;23;1400;1;2;1;1.0;1;63;Quai de la Jonch?re;M;0.0;0.0;690
201300018609;13;9;9;1745;1;2;1;1.0;2;460;avenu Claude CHALIN;M;4336911.0;6136.0;650
201300018611;13;5;20;1230;1;2;1;1.0;6;395;;M;4310246.0;-17034.0;650
201300018613;13;9;2;1830;1;2;1;1.0;7;29;RD 918 PK 18+300;M;4299176.0;-12923.0;650
201300018615;13;9;9;1830;1;2;6;1.0;1;388;;M;4282173.0;32801.0;650
201300018697;13;11;10;1445;1;1;1;6.0;7;182;;M;0.0;0.0;800
201300018713;13;12;27;1730;3;1;1;2.0;2;30;;M;0.0;0.0;800
201300018714;13;4;13;1615;1;1;1;2.0;3;253;;M;0.0;0.0;800
201300018723;13;1;31;1500;1;1;1;6.0;2;318;;M;0.0;0.0;800
201300018760;13;7;27;2045;1;2;1;2.0;1;432;rue de chuignes;M;0.0;0.0;800
201300018764;13;10;2;1530;1;2;1;1.0;1;295;RUE DU MARAIS DELCOURT;M;4992859.0;267349.0;800
201300018768;13;1;4;1830;3;1;1;5.0;1;616;;M;0.0;0.0;800
201300018823;13;2;15;1600;1;1;2;1.0;1;254;"LD ""LE PRIEURE""";M;0.0;0.0;790
201300018825;13;6;14;1745;1;2;4;1.0;1;257;ROUTE DE MAUZE;M;0.0;0.0;790
201300018830;13;11;3;1730;2;2;2;9.0;1;31;AV. ST JEAN-D'ANGELY;M;0.0;0.0;790
201300018860;13;3;23;1230;1;2;9;1.0;3;188;11 RUE DU PONTRET;M;0.0;0.0;790
201300018866;13;12;23;1345;1;1;1;1.0;1;7;"LD ""FREMAUDIERE""";M;0.0;0.0;790
201300018870;13;1;28;1415;1;2;1;1.0;6;482;2, R JEAN JAURES;M;4986906.0;104897.0;760
201300018913;13;8;22;1745;1;1;6;1.0;3;188;;M;0.0;0.0;670
201300018933;13;5;7;1930;2;2;2;1.0;3;347;CD412;M;0.0;0.0;770
201300018943;13;2;1;1200;1;1;4;2.0;3;255;;M;0.0;0.0;740
201300018971;13;3;16;1400;1;1;1;1.0;1;269;;M;0.0;0.0;740
201300018972;13;6;17;1230;1;1;1;1.0;1;195;;M;0.0;0.0;740
201300018977;13;4;26;1445;1;2;1;1.0;1;663;rue d'Herzeele;M;5088220.0;247192.0;590
201300018986;13;7;11;945;1;1;2;1.0;1;67;;M;0.0;0.0;560
201300018993;13;7;3;1645;1;1;1;1.0;2;184;;M;0.0;0.0;560
201300018997;13;12;9;1615;1;1;1;7.0;2;206;;M;0.0;0.0;560
201300019003;13;9;21;2200;5;2;1;1.0;2;258;Cours des quais;M;4758650.0;-302705.0;560
201300019005;13;1;3;1500;1;1;1;1.0;6;78;;M;4779021.0;-347537.0;560
201300019007;13;6;18;1500;1;1;1;1.0;1;36;;M;0.0;0.0;560
201300019018;13;4;23;1100;1;2;6;1.0;3;193;La Croizetiere;M;4771364.0;-333149.0;560
201300019019;13;5;22;730;1;2;6;1.0;3;13;route des 4 chemins;M;0.0;0.0;560
201300019041;13;8;4;1900;1;1;1;1.0;1;187;La ville Nayl;M;4788969.0;-245442.0;560
201300019042;13;8;7;1045;1;1;1;1.0;1;190;la ville au vent;M;4798216.0;-277020.0;560
201300019078;13;3;23;1330;1;1;1;1.0;2;19;;M;4498900.0;182600.0;190
201300019098;13;10;17;1130;1;1;1;1.0;2;94;;M;0.0;0.0;560
201300019125;13;8;1;1100;1;2;6;1.0;1;261;4 PL. DE L EGLISE OU D74;M;0.0;0.0;510
201300019126;13;10;23;1715;1;2;1;1.0;1;440;27 RUE DE LA REPUBLIQUE;M;0.0;0.0;510
201300019133;13;9;7;1930;1;1;3;1.0;3;507;D85/VC;M;0.0;0.0;510
201300019140;13;8;22;545;3;1;1;1.0;3;56;RTE DE PARIS;M;4909590.0;236160.0;950
201300019145;13;6;8;1630;1;1;1;1.0;3;291;;M;4811500.0;328600.0;890
201300019150;13;4;22;1530;1;1;9;7.0;3;193;;M;4922902.0;621087.0;570
201300019167;13;5;3;1245;1;1;6;1.0;1;51;;M;4815465.0;-162455.0;350
201300019181;13;3;31;1745;1;1;1;1.0;1;87;;M;0.0;0.0;830
201300019185;13;10;29;1930;3;2;1;2.0;2;73;Route de Brignoles;M;0.0;0.0;830
201300019216;13;2;7;1630;1;1;3;1.0;1;169;CHEMIN MAS DE L HUILE;M;4366780.0;385570.0;340
201300019226;13;10;16;1745;1;2;1;1.0;2;77;boulevard de la libert?;M;0.0;0.0;340
201300019227;13;11;22;1500;1;1;1;8.0;3;90;;M;0.0;0.0;340
201300019281;13;9;4;1735;1;2;1;1.0;2;154;15 RUE DESFOUR A CHAUX;M;4567837.0;17525.0;160
201300019290;13;10;30;1730;2;2;1;1.0;2;113;RUE LEONARD JARRAUD;M;4561092.0;10145.0;160
201300019298;13;8;19;1525;1;2;6;1.0;3;15;19 BOULEVARD DE BURY;M;4564768.0;16443.0;160
201300019310;13;6;7;725;1;2;6;1.0;2;102;;M;4569442.0;-34764.0;160
201300019312;13;6;10;840;1;2;6;1.0;3;89;ROUTE DE SEGONZAC;M;4567877.0;-31148.0;160
201300019314;13;9;4;810;1;2;1;1.0;7;102;Le Logis Saint Martin;M;4541302.0;-19375.0;160
201300019324;13;7;14;1045;1;1;1;1.0;2;6;;M;0.0;0.0;770
201300019336;13;2;2;1005;1;2;1;1.0;6;299;172990065, BRIAND BOULEV;M;4594768.0;-97184.0;170
201300019343;13;2;13;2005;5;2;1;2.0;3;299;172990155, FOSSE AUX MAT;M;4592901.0;-95653.0;170
201300019347;13;3;7;1820;2;2;6;2.0;3;299;172990381, BERNADOTTE RO;M;4595824.0;-96920.0;170
201300019350;13;3;11;1045;1;1;1;2.0;7;299;172990323, ROCHELLE ROUT;M;4596179.0;-97943.0;170
201300019358;13;4;30;815;1;2;6;2.0;3;449;174490122, JOLIOT CURIE;M;4594602.0;-89163.0;170
201300019359;13;5;6;1750;1;2;1;1.0;3;299;1729902710, ONZE NOVEMBR;M;4592870.0;-96006.0;170
201300019373;13;6;27;1730;1;2;2;1.0;3;299;ONZE NOVEMBRE 1918 AVENU;M;4593017.0;-95974.0;170
201300019379;13;7;29;1730;1;2;6;1.0;3;299;94, DIERAS AVENUE DU DOC;M;4594687.0;-97620.0;170
201300019381;13;8;6;1935;1;2;2;1.0;3;299;?, THIERS RUE;M;4593881.0;-96280.0;170
201300019391;13;9;16;755;1;2;1;2.0;3;299;34 bis, POUZET BOULEVARD;M;4593120.0;-97027.0;170
201300019394;13;9;24;810;1;2;6;1.0;3;299;BEGON ROND POINT ET RUE;M;4594307.0;-96014.0;170
201300019398;13;10;14;1655;1;2;2;1.0;3;299;LATOUCHE TREVILLE RUE;M;4594106.0;-96014.0;170
201300019400;13;10;18;1825;1;2;1;1.0;1;449;174490184, BOURRELIERS A;M;4594364.0;-89138.0;170
201300019409;13;11;20;1330;1;2;1;1.0;7;299;22, DEPORTES ET FUSILLES;M;4593288.0;-96643.0;170
201300019410;13;11;20;1845;5;2;1;2.0;3;299;10, PONTY AVENUE W.;M;4594578.0;-95566.0;170
201300019417;13;12;19;945;1;2;6;1.0;3;299;POLYGONE ROND POINT DU;M;4593099.0;-96577.0;170
201300019418;13;12;19;1915;5;2;3;2.0;3;449;122, AUNIS AVENUE D';M;4595015.0;-92565.0;170
201300019424;13;1;23;1023;1;2;1;1.0;2;300;2, ROUX   RUE DE;M;4614710.0;-115094.0;170
201300019432;13;2;8;1937;2;2;1;1.0;3;300;2, DELMAS   AVENUE MAURI;M;4615851.0;-115955.0;170
201300019470;13;5;27;1530;1;2;1;1.0;3;300;02, ROUX   RUE DE;M;4614712.0;-115219.0;170
201300019471;13;5;27;2000;1;2;1;1.0;6;300;2, CHEMIN VERT   RUE DU;M;4616559.0;-114036.0;170
201300019477;13;6;19;2105;1;2;1;1.0;3;300;2, TROMPETTE   RUE DE LA;M;4617008.0;-115839.0;170
201300019484;13;7;4;1025;1;2;1;1.0;3;300;19, SAINT-LOUIS   RUE;M;4616012.0;-114590.0;170
201300019488;13;7;20;1510;1;2;1;1.0;6;300;JURA   RUE DU;M;4617554.0;-119560.0;170
201300019490;13;7;24;840;1;2;3;1.0;3;300;CARNOT   AVENUE;M;4616458.0;-118168.0;170
201300019497;13;8;9;50;4;2;1;1.0;7;300;2, STADE   RUE DU;M;4616038.0;-117560.0;170
201300019499;13;8;12;1944;2;2;1;1.0;3;200;NOUVEAU   RUE DU FIEF;M;4618615.0;-115105.0;170
201300019504;13;9;5;755;1;1;1;1.0;6;28;28, GRASSET   AVENUE EDM;M;4613407.0;-111713.0;170
201300019505;13;9;10;925;1;2;1;1.0;6;300;GARREAU   RUE PAUL;M;4615958.0;-116002.0;170
201300019507;13;9;20;1915;1;2;1;1.0;6;300;MONNAIE   AVENUE DE LA;M;4615618.0;-115904.0;170
201300019510;13;10;24;845;1;2;1;1.0;3;300;2, GUITON   AVENUE JEAN;M;4616048.0;-117139.0;170
201300019544;13;7;21;1055;1;2;1;1.0;2;333;DE LATTRE DE TASSIGNY;M;4560682.0;-100646.0;170
201300019547;13;8;12;25;5;2;1;1.0;6;306;., DE LATTRE DE TASSIGNY;M;4562615.0;-102029.0;170
201300019578;13;6;4;1615;1;2;1;1.0;3;306;., PASTEUR;M;4562666.0;-102887.0;170
201300019589;13;7;20;930;1;2;2;1.0;1;333;., OCEAN (AVENUE DE L');M;4561175.0;-100381.0;170
201300019607;13;8;6;845;1;2;1;1.0;2;380;., REPUBLIQUE (AVENUE DE;M;4564364.0;-108996.0;170
201300019621;13;10;24;1245;1;2;1;1.0;6;306;6, BASTIE MARYSE;M;4562455.0;-101688.0;170
201300019652;13;4;25;835;2;2;1;1.0;6;415;46, GENET 2 A 64 COURS;M;4574858.0;-64690.0;170
201300019676;13;9;19;955;1;2;1;1.0;6;415;12, REPUBLIQUE QUAI DE L;M;4574586.0;-63049.0;170
201300019680;13;10;19;930;1;2;1;1.0;6;415;12, YSER 1 A 35 QUAI DE;M;4575256.0;-63096.0;170
201300019762;13;4;9;815;1;1;1;2.0;2;581;;M;5044400.0;227200.0;620
201300019797;13;11;2;1645;1;2;1;1.0;1;130;4 Avenue des Oiseaux;M;4319459.0;603705.0;830
201300019803;13;6;9;1115;1;2;7;1.0;3;1;Place saint georges;M;0.0;0.0;870
201300019805;13;9;3;1445;1;1;1;1.0;6;1;;M;0.0;0.0;870
201300019811;13;2;14;1945;3;1;1;1.0;6;363;LA RUE GEFFROY;M;4898730.0;-114681.0;500
201300019821;13;10;8;630;3;1;1;5.0;3;305;;M;0.0;0.0;220
201300019837;13;1;8;740;3;1;1;1.0;3;213;SAINTE-SOLANGE (ROUTE DE;;;;180
201300019845;13;1;13;1455;1;2;1;1.0;3;33;15, LATTRE DE TASSIGNY (;M;4710243.0;241191.0;180
201300019869;13;4;1;1155;1;2;1;7.0;3;33;rue John Bost;;;;180
201300019876;13;4;17;915;1;2;2;1.0;3;267;CHATEAUNEUF (ROUTE;M;4705359.0;238062.0;180
201300019896;13;6;5;1420;1;2;1;1.0;3;33;14, MAULMOND (RUE DU Pdt;M;4707151.0;237650.0;180
201300019946;13;9;24;1010;1;2;1;1.0;3;33;107, VAILLANT (RUE EDOUA;M;4708951.0;240084.0;180
201300019955;13;10;10;751;2;2;3;3.0;2;205;BOULLE (RUE ANDRE-CHARLE;M;4710475.0;239024.0;180
201300019962;13;10;17;1725;1;2;1;1.0;6;33;12, JAURES (AVENUE JEAN);M;4708725.0;239283.0;180
201300019970;13;10;29;1053;1;2;6;1.0;3;33;DUCLOS (ROND-POINT JACQU;M;4706558.0;239526.0;180
201300020158;13;3;2;1200;1;2;1;1.0;1;70;Rond point du Grand Bleu;M;0.0;0.0;830
201300020160;13;5;10;1345;1;2;1;1.0;6;19;250 bd front de mer;M;4312389.0;636029.0;830
201300020166;13;7;28;800;1;2;6;1.0;1;70;Av de Provence CD 559;M;0.0;0.0;830
201300020170;13;10;15;1015;1;2;1;1.0;1;19;che du train des pignes;M;4313952.0;635198.0;830
201300020172;13;11;6;1445;1;1;1;1.0;2;19;avenue de la mer;M;4312387.0;635101.0;830
201300020182;13;11;28;1545;1;2;2;1.0;1;46;RD 51;M;0.0;0.0;600
201300020242;13;6;2;1930;1;2;2;1.0;3;31;CAVAIGNAC (RUE GENERAL);;;;190
201300020248;13;6;21;1125;1;2;2;1.0;3;31;60bis, ONZE NOVEMBRE 191;;;;190
201300020249;13;6;24;1355;1;2;6;1.0;6;31;TEINCHURIER (AVENUE DU);;;;190
201300020260;13;7;16;935;1;2;1;1.0;2;31;TURGOT (AVENUE);;;;190
201300020280;13;10;5;1200;1;2;2;3.0;3;31;"""MOULIN (BOULEVARD JEAN)";M;4516062.0;450337.0;190
201300020286;13;10;22;1810;2;2;1;2.0;2;31;104, POMPIDOU (AVENUE GE;M;4515777.0;454866.0;190
201300020293;13;11;13;1410;1;2;3;1.0;3;31;RIBOT (AVENUE);;;;190
201300020308;13;12;12;1025;1;2;1;1.0;6;31;02, CLADEL (RUE LEON);M;4516181.0;453700.0;190
201300020322;13;8;4;1730;1;1;1;1.0;1;315;;M;4787768.0;719984.0;680
201300020324;13;5;12;1145;1;1;1;7.0;2;260;Rue de la Frontière;M;5105714.0;255588.0;590
201300020347;13;7;23;1510;1;2;3;1.0;3;275;CHABRAT (RUE ALPHONSE);M;4554656.0;530685.0;190
201300020352;13;7;13;1500;1;1;1;1.0;3;300;;M;4779718.0;736108.0;680
201300020353;13;7;17;1715;1;1;1;1.0;3;289;;M;4783091.0;732003.0;680
201300020356;13;9;25;845;1;2;1;1.0;3;20;rue de Battenheim;M;4782900.0;751000.0;680
201300020361;13;3;21;1345;1;2;3;1.0;5;54;JOIGNEAUX (RUE PIERRE);;;;210
201300020365;13;6;5;1702;1;2;1;1.0;2;54;70, SAINT-NICOLAS (RUE D;;;;210
201300020368;13;7;1;922;1;2;2;1.0;3;54;REON (RUE DE);;;;210
201300020369;13;8;28;1205;1;2;1;1.0;3;54;COLBERT (RUE);;;;210
201300020374;13;11;27;1020;1;2;1;1.0;3;54;5, CLEMENCEAU (BOULEVARD;;;;210
201300020379;13;1;10;1228;1;2;9;2.0;3;231;25, DEVOSGE (RUE);;;;210
201300020382;13;1;18;1142;1;2;2;1.0;3;231;MARECHAL GALLIENI (BOULE;;;;210
201300020386;13;2;7;1927;5;2;3;2.0;3;231;HENRI CAMP (BOULEVARD);;;;210
201300020390;13;2;18;809;1;2;9;1.0;1;231;19, DEVOSGE (RUE);M;4700000.0;500000.0;210
201300020396;13;4;9;1724;1;2;3;2.0;3;231;179, GUSTAVE EIFFEL (AVE;;;;210
201300020399;13;4;19;1335;1;2;1;1.0;3;231;53, PREFECTURE (DE LA) (;;;;210
201300020415;13;6;17;1720;1;2;1;1.0;3;231;1, CHANOINE KIR (BOULEVA;;;;210
201300020417;13;7;1;955;1;2;2;1.0;3;231;PASCAL (BOULEVARD);;;;210
201300020421;13;7;2;1802;1;2;2;1.0;3;166;MARECHAL LECLERC (DU) (B;;;;210
201300020428;13;7;16;1655;1;2;2;1.0;1;231;PONT DES TANNERIES (DU);;;;210
201300020432;13;8;7;1819;1;2;7;8.0;6;231;52, DEVOSGE (RUE);;;;210
201300020448;13;10;17;1223;1;2;2;1.0;3;231;LAMONNOYE (RUE);;;;210
201300020453;13;11;8;1142;1;2;1;2.0;3;231;43, DEVOSGE (RUE);;;;210
201300020455;13;11;15;1156;1;2;1;1.0;2;231;21, JEAN JAURES (AVENUE);;;;210
201300020476;13;5;2;1645;1;2;1;1.0;1;50;CHEMIN DU PONT PINET;M;4846087.0;-204922.0;220