Num_Acc;an;mois;jour;hrmn;lum;agg;int;atm;col;com;adr;gps;lat;long;dep
201300025797;13;7;6;2235;5;2;2;1.0;5;261;Bd  du marechal JUIN;;;;370
201300025801;13;8;3;2235;2;2;1;1.0;6;261;55 RUE NATIONALE;;;;370
201300025813;13;3;18;1320;1;2;1;1.0;3;261;85 BOULEVARD BERANGER;;;;370
201300025816;13;3;18;1810;1;2;1;1.0;3;261;AVENUE ANDRE MAGINOT;;;;370
201300025817;13;3;20;804;1;2;1;1.0;2;214;3, BERGSON (RUE HENRI);;;;370
201300025819;13;3;31;901;1;2;3;1.0;3;208;RUE DE L'OISELET;;;;370
201300025821;13;4;5;1615;1;2;1;2.0;1;261;AVE ANDRE MAGINOT;;;;370
201300025825;13;4;30;1215;1;2;6;2.0;3;261;ROND-POINTJACQUE MONOD;;;;370
201300025831;13;5;13;912;1;2;2;2.0;3;261;SUEDE (RUE DE);;;;370
201300025832;13;5;22;2010;1;2;2;1.0;3;214;AVENUE DE LA REPUBLIQUE;;;;370
201300025842;13;5;3;1605;1;1;9;1.0;6;261;AVENUE GUSTAVE EIFFEL;;;;370
201300025858;13;6;14;1550;1;2;1;1.0;7;261;DANIEL MAYER;;;;370
201300025884;13;5;15;1225;1;2;1;1.0;3;233;27 RUE DE LA RABATERIE;;;;370
201300025886;13;5;20;1220;1;2;1;2.0;7;261;RUE NATIONALE;;;;370
201300025896;13;6;13;830;1;2;1;1.0;2;195;MAIRIE (RUE DE LA);;;;370
201300025900;13;6;20;915;1;2;2;1.0;3;233;boulevard VIALA;;;;370
201300025902;13;6;24;1915;1;2;1;1.0;1;261;1, PAS NOTRE-DAME (RUE D;;;;370
201300025905;13;7;2;1045;1;2;1;1.0;3;195;2 PLACE  SAINTE ANNE;;;;370
201300025912;13;7;17;1715;1;2;1;1.0;3;261;PLACE CHOISEUL;;;;370
201300025915;13;7;31;740;1;2;2;1.0;3;261;RUE GIRAUDEAU;;;;370
201300025917;13;8;6;1135;1;2;1;1.0;3;261;BD RICHARD WAGNER;;;;370
201300025924;13;6;5;1240;1;2;1;1.0;3;261;3, MAETERLINCK (BOULEVAR;;;;370
201300025933;13;7;5;1005;1;2;3;1.0;3;261;8, GRAMMONT (AVENUE DE);;;;370
201300025938;13;7;11;845;1;2;2;1.0;3;261;GEORGET (RUE);;;;370
201300025941;13;7;16;1755;1;2;2;1.0;3;261;RUE DE LA GRANDIERE;;;;370
201300025942;13;7;24;745;1;2;6;1.0;3;261;AVENUE GUSTAVE EIFFEL;;;;370
201300025952;13;8;6;1211;1;2;6;1.0;3;122;RUE DU COTEAU;;;;370
201300025954;13;8;25;1215;1;2;1;1.0;1;208;2 RUE LEON BRULON;;;;370
201300025958;13;9;5;910;1;2;3;1.0;3;261;DESMOULINS (RUE CAMILLE);;;;370
201300025963;13;9;24;1151;1;2;1;1.0;7;261;RUE DU PONT AUX OIES;;;;370
201300025966;13;10;3;1710;1;1;6;1.0;2;233;85 AV DE LA REPUBLIQUE;;;;370
201300025967;13;9;9;1420;1;1;1;1.0;7;122;ROUTE DE SAVONNIERES;;;;370
201300025979;13;10;18;1215;1;2;1;1.0;3;261;BOULEVARD THIERS;;;;370
201300025991;13;8;13;1815;1;2;1;1.0;3;122;AVENUE DE BORDEAUX;;;;370
201300025996;13;9;13;850;1;2;1;1.0;1;261;43 AVENUE DE LA TRANCHEE;;;;370
201300025998;13;9;18;1410;1;2;1;1.0;3;261;PIERRE MARIE CURIE;;;;370
201300026000;13;9;20;805;1;2;3;2.0;3;261;9EME DIVISION DE CAVALER;;;;370
201300026016;13;10;26;1225;1;2;1;1.0;7;261;PONT WILSON;;;;370
201300026017;13;2;1;725;2;2;6;8.0;3;261;ROND POINT EMMAUS;;;;370
201300026020;13;8;28;2200;5;2;2;1.0;3;261;PLACE JEAN JAURES;;;;370
201300026027;13;9;24;2310;5;2;1;1.0;7;261;AVENUE DE GRAMMONT;;;;370
201300026028;13;9;26;2100;5;2;1;1.0;7;261;39 RUE BLAISE PASCAL;;;;370
201300026040;13;12;1;250;5;2;1;1.0;7;261;PLACE CHOISEUL ARRETTRAM;;;;370
201300026042;13;6;6;2118;1;2;1;1.0;6;261;FRANCAIS LIBRES (CARREFO;;;;370
201300026043;13;8;14;1725;1;2;3;1.0;3;122;115,  BD JEAN JAURES;;;;370
201300026045;13;8;26;1900;1;2;1;1.0;3;122;35 BD DE CHINON;;;;370
201300026053;13;9;20;1632;1;2;1;1.0;3;261;SAINT SAUVEUR (PONT);;;;370
201300026057;13;10;1;1452;1;2;1;1.0;3;261;68 RUE DE JEMMAPES;;;;370
201300026060;13;10;7;1655;1;2;1;1.0;3;122;22 RUE JACQUES POIRIER;;;;370
201300026064;13;10;15;805;2;2;1;3.0;7;261;41 RUE NATIONALE;;;;370
201300026069;13;10;26;1255;1;2;1;1.0;3;261;AVENUE DE L EUROPE;;;;370
201300026070;13;10;31;1730;2;2;1;1.0;3;195;COUVENT DES MINIMES;;;;370
201300026076;13;2;14;820;1;2;1;1.0;3;261;21 PLACE DE LA TRANCHEE;;;;370
201300026084;13;7;22;1349;1;2;1;1.0;6;122;Bd DE CHINON;;;;370
201300026089;13;8;21;1200;1;2;2;1.0;6;122;BD JEAN JAURES;;;;370
201300026097;13;12;3;1330;1;2;5;1.0;3;261;RUE HENRI MARTIN;;;;370
201300026110;13;11;10;1820;5;2;6;1.0;3;261;RUE PAS NOTRE DAME/REPUB;;;;370
201300026111;13;11;12;910;1;2;3;2.0;3;261;AV DE LA TRANCHEE/SOURCE;;;;370
201300026116;13;11;30;1050;1;2;1;1.0;1;261;AVENUE DE L  ALOUETTE;;;;370
201300026127;13;12;23;1835;5;2;6;1.0;2;214;BD CHARLES DE GAULLE;;;;370
201300026131;13;9;9;1855;1;2;1;1.0;6;261;RUE DU PAS NOTRE DAME;;;;370
201300026142;13;11;21;830;1;2;6;1.0;3;261;GIRAT MARCEL DASSAULT;;;;370
201300026143;13;11;25;1605;1;2;1;1.0;7;261;15 AVENUE DE LA TRANCHEE;;;;370
201300026155;13;12;25;1509;1;2;1;1.0;7;208;RUE JULES ROMAIN;;;;370
201300026159;13;4;11;825;1;2;1;2.0;4;261;198 AV DE GRAMMONT;;;;370
201300026160;13;4;9;1030;1;2;3;1.0;3;261;RUE BOUILLY/FOURNIER;;;;370
201300026168;13;5;25;1003;1;2;6;8.0;3;233;4 RUE JEAN JAURES;;;;370
201300026172;13;6;10;1310;1;2;1;1.0;7;261;RUE CROIX PASQUIER;;;;370
201300026181;13;7;17;1510;1;2;1;1.0;2;233;QUAI DE LA LOIRE;;;;370
201300026183;13;7;8;2000;1;2;1;1.0;4;261;PLAC E JEAN JAURES;;;;370
201300026192;13;9;23;1110;2;2;1;1.0;3;233;32 RUE PIERRE CURIE;;;;370
201300026193;13;9;18;745;2;2;2;1.0;3;261;AVENUE DE LA TRANCHEE;;;;370
201300026194;13;9;18;840;2;2;1;1.0;7;208;CORMERY (RUE DE);;;;370
201300026200;13;11;28;1200;1;2;1;1.0;6;261;220 AV DE GRAMMONT;;;;370
201300026209;13;4;16;1900;1;2;1;1.0;3;53;MAISON BLANCHE (IMP DE L;;;;380
201300026214;13;6;18;1650;1;2;3;1.0;3;53;BOUSSIEU;;;;380
201300026233;13;1;31;930;1;2;2;1.0;3;185;0, AVENUE JEANNE D'ARC;M;4518170.0;574484.0;380
201300026234;13;2;1;1730;1;2;4;2.0;6;151;0, RUE GEO CHARLES;M;4514980.0;569793.0;380
201300026240;13;2;21;820;1;2;2;1.0;3;421;0, AV GABRIEL PERI;M;4518440.0;576821.0;380
201300026242;13;2;28;1050;1;2;1;1.0;6;185;0, AV MARECHAL RANDON;M;4519980.0;573998.0;380
201300026246;13;3;9;145;5;2;3;1.0;3;185;0, PLACE DE VERDUN;;;;380
201300026253;13;3;26;852;1;2;1;8.0;6;185;RUE F?LIX ESCLANGON;;;;380
201300026256;13;4;4;1415;1;2;1;1.0;3;185;80, RUE LUCIEN ANDRIEUX;;;;380
201300026267;13;5;13;1026;1;2;2;1.0;3;421;BOULEVARD DULCIE SEPTEMB;;;;380
201300026278;13;6;8;1100;1;2;1;1.0;3;421;0, BOULEVARD DULCIE SEPT;;;;380
201300026279;13;6;11;740;1;2;1;1.0;3;151;0, AVENUE AUGUSTE FERRIE;;;;380
201300026285;13;6;18;1624;1;2;2;1.0;3;185;AV M REYNOARD/BRUYERE;M;4516660.0;572845.0;380
201300026292;13;7;3;1519;1;2;2;1.0;2;185;0, PLACE BIR HAKEIM;;;;380
201300026298;13;7;26;815;1;2;1;1.0;3;185;, RUE PIERRE S?MARD;;;;380
201300026299;13;7;26;1730;1;2;1;1.0;6;185;21, RUE DU MAN?GE;;;;380
201300026307;13;8;28;1750;1;2;1;1.0;3;185;0, BOULEVARD JEAN PAIN;;;;380
201300026308;13;8;28;1929;1;2;1;1.0;6;185;39, BOULEVARD CLEMENCEAU;;;;380
201300026313;13;9;3;1800;1;2;2;1.0;3;169;QUAI DU DRAC;;;;380
201300026320;13;9;21;1605;1;2;3;1.0;3;421;00, RUE DU BOURGAMON;;;;380
201300026328;13;10;1;930;1;2;2;1.0;3;169;RUE GEORGE SAND;;;;380
201300026342;13;10;21;1855;5;2;1;1.0;6;185;10, RUE PIERRE S?MARD;;;;380
201300026353;13;11;15;1614;1;2;2;1.0;3;185;RUE L?ON JOUHAUX;;;;380
201300026362;13;12;3;750;1;1;1;1.0;1;421;00, AVENUE DU DOYEN LOUI;;;;380
201300026384;13;4;25;1210;1;2;6;1.0;3;563;0, rocade ouest;;;;380
201300026392;13;8;11;2040;1;2;1;1.0;6;198;3, NERUDA (RUE PABLO);;;;390
201300026404;13;8;3;945;1;1;1;1.0;7;411;0, CHAMPAGNOLE (ROUTE DE;;;;390
201300026420;13;8;1;755;1;2;1;1.0;6;279;1 bd st-vincent-de-paul;M;4372390.0;-105113.0;400
201300026441;13;8;27;805;1;2;1;1.0;1;192;KENNEDY (AV DU PRESIDENT;M;4387168.0;-49070.0;400
201300026470;13;6;20;1644;1;2;3;1.0;3;18;FRANCE (AVENUE DE)  1;;;;410
201300026509;13;7;5;1258;1;2;1;1.0;2;18;68, MAUNOURY (AVENUE DU;;;;410
201300026514;13;9;8;845;1;1;1;1.0;1;18;COULANGES (ALLEE DE);;;;410
201300026539;13;1;11;1555;1;2;2;1.0;3;269;., ROOSEVELT (BOULEVARD;;;;410
201300026560;13;12;27;1745;5;2;1;2.0;7;269;41, CHANGE (RUE DU);;;;410
201300026564;13;2;5;1420;1;1;1;8.0;3;316;CD 3;M;4540916.0;425170.0;420
201300026576;13;6;16;1230;1;1;3;1.0;3;270;CD 108;M;4539635.0;423496.0;420
201300026577;13;6;19;1750;1;2;3;1.0;3;183;1, PASTEUR (RUE);M;4540643.0;436735.0;420
201300026592;13;5;12;1130;1;1;1;1.0;3;186;DE GAULLE AVENUE CHARLES;M;4551247.0;458521.0;420
201300026601;13;1;10;515;5;2;2;1.0;3;187;0, RECLUS (RUE ELISEE);M;4604355.0;406745.0;420
201300026615;13;3;19;920;1;2;4;1.0;3;187;65, CLERMONT (RUE DE );M;4602877.0;406529.0;420
201300026622;13;3;18;1620;1;2;1;1.0;3;187;75, HERMINIER (QUAI DU C;M;4603945.0;408244.0;420
201300026629;13;5;3;2125;5;2;6;1.0;3;187;0, PROMENADES POPULLE(PO;M;4603691.0;406534.0;420
201300026659;13;7;10;1730;1;2;6;1.0;3;187;0, MARECHAL JOFFRE (BOUL;M;4605366.0;407346.0;420
201300026672;13;8;11;1030;1;2;1;1.0;7;71;51 bis, SEMARD (QUAI PIE;M;4602733.0;408256.0;420
201300026680;13;9;5;1440;1;2;1;1.0;2;127;217, BRIENNON (RT DE);M;4607112.0;407366.0;420
201300026689;13;9;26;920;1;2;4;1.0;3;187;39, BENOIT (BOULEVARD CA;M;4604839.0;406953.0;420
201300026692;13;10;4;740;2;2;1;2.0;3;187;0, DEPIERRE (RUE PIERRE);M;4603106.0;407566.0;420
201300026694;13;10;11;1820;2;2;6;1.0;3;184;0, OUEST  (BD);M;4604748.0;405183.0;420
201300026698;13;10;18;1015;1;2;6;1.0;3;187;0, DORIAN (ROND POINT);M;4603377.0;407782.0;420
201300026705;13;10;31;1325;1;2;6;1.0;3;184;0, OUEST  (BD);M;4604542.0;405625.0;420
201300026712;13;11;20;940;1;2;3;4.0;3;187;0, CAMUS (RUE ALBERT);M;4604129.0;405551.0;420
201300026718;13;12;20;1700;5;2;3;1.0;2;187;0, Rue Emile NOIROT;M;4603693.0;406540.0;420
201300026723;13;12;6;1615;2;2;5;1.0;3;187;0, PHENIX (PLACE DU);M;4603644.0;406385.0;420
201300026727;13;12;12;1445;1;2;1;1.0;7;71;116, LIBERATION (AVENUE;M;4602638.0;408580.0;420
201300026753;13;1;7;1247;1;2;1;1.0;3;218;5, KNOBLAUCH LIEUTENANT;M;4545268.0;438240.0;420
201300026761;13;1;5;1719;2;2;3;1.0;6;218;SANS, REVOLLIER J-FRANCO;M;4545517.0;437762.0;420
201300026828;13;7;3;1550;1;2;1;1.0;2;218;3, LOUBET (AVENUE PRESID;M;4543603.0;438427.0;420
201300026835;13;7;19;100;5;2;3;1.0;6;218;sans, VILLEBOEUF (PLACE);M;4543255.0;439441.0;420
201300026845;13;8;8;1201;1;2;2;3.0;7;218;HAVEURS (DES);M;4542442.0;437490.0;420
201300026851;13;8;22;1944;2;2;1;1.0;7;218;39, DE GAULLE CHARLES;M;4544523.0;438542.0;420
201300026852;13;8;23;1323;1;2;6;1.0;3;218;POMPIDOU GEORGES (BOULEV;M;4545814.0;440535.0;420
201300026854;13;8;27;850;1;2;1;1.0;6;218;11, PEUPLE (PLACE);M;4543635.0;438811.0;420
201300026890;13;9;13;843;1;2;1;1.0;3;218;IGNORE, GRIGNARD VICTOR;M;4546052.0;440047.0;420
201300026922;13;6;6;730;1;2;3;1.0;3;41;PC DU 8 MAI 45-CHM LE B;;;;430
201300026937;13;10;19;1410;1;2;3;1.0;2;41;8 COT DE TIREBEOUF;M;4504960.0;390751.0;430
201300026954;13;3;4;1755;1;2;3;1.0;3;132;NS, HIRONDELLES (AVENUE;;;;440
201300026957;13;5;12;1630;1;2;6;1.0;3;55;ANJOU ( AVENUE D' );;;;440
201300026961;13;7;8;805;1;2;1;1.0;3;132;139, BONNE SOURCE (AVENU;;;;440
201300026964;13;7;4;1755;1;2;6;1.0;3;135;NS, LLANTWIT-MAJOR ( AVE;;;;440
201300026966;13;8;5;1045;1;2;3;1.0;3;55;0, MIMOSAS (AVENUE DES);;;;440
201300026967;13;8;7;1435;1;2;4;1.0;3;55;RIGAUD ( AVENUE MARCEL );;;;440
201300026969;13;8;8;1600;1;2;6;1.0;3;132;7, REPUBLIQUE (BOULEVARD;;;;440
201300026972;13;8;20;1855;1;2;1;1.0;3;132;32, OCEANIDES (BOULEVARD;;;;440
201300026978;13;9;3;1510;1;2;1;1.0;7;132;63, BONNE SOURCE (AVENUE;;;;440
201300026979;13;9;8;1100;1;2;6;1.0;3;55;NS, OC?AN ( BOULEVARD DE;;;;440
201300026983;13;10;30;755;1;2;6;2.0;6;135;OC?AN ( AVENUE DE L' );;;;440
201300026984;13;10;31;1150;1;1;1;1.0;2;132;BAULOIS (AVENUE DU);;;;440
201300027008;13;1;29;1910;5;2;1;2.0;2;190;451, ROUTE DE CLISSON;;;;440
201300027022;13;2;14;908;1;2;1;1.0;7;109;2, AVENUE CARNOT;;;;440
201300027040;13;3;17;1245;1;2;3;3.0;7;109;27, BOULEVARD DES BELGES;;;;440
201300027053;13;3;22;1640;1;2;2;1.0;3;109;0, BOULEVARD GENERAL DE;;;;440
201300027057;13;4;1;1655;1;2;6;1.0;6;162;BOULEVARD MARCEL PAUL;;;;440
201300027070;13;4;14;550;2;2;1;1.0;3;190;0, AVENUE DE LA MARTELLI;;;;440
201300027081;13;5;10;1140;1;2;2;1.0;6;109;PLACE VICTOR MANGIN;;;;440
201300027084;13;5;10;1725;1;2;1;1.0;2;162;QUAI EMILE CORMERAIS;;;;440
201300027134;13;4;2;745;1;2;1;1.0;6;143;QUAI MARCEL BOISSARD;;;;440
201300027144;13;7;18;955;1;2;6;1.0;3;162;., BOULEVARD FRANCOIS MI;;;;440
201300027170;13;9;3;820;1;2;6;7.0;3;162;BOULEVARD CHARLES DE GAU;;;;440
201300027171;13;9;6;1610;1;2;6;1.0;3;109;0, IMPASSE DU PROGRES;;;;440
201300027180;13;9;9;735;1;2;3;2.0;3;109;BOULEVARD GENERAL DE GAU;;;;440
201300027184;13;9;10;1310;1;2;1;1.0;6;109;58, BOULEVARD JOLIOT CUR;;;;440
201300027189;13;9;15;1400;1;2;1;9.0;3;109;AVENUE CARNOT;;;;440
201300027194;13;9;19;1710;1;2;1;1.0;6;190;0, RUE DES BERLAGUTS;;;;440
201300027214;13;10;9;1620;1;2;1;1.0;3;109;146, BOULEVARD DES BELGE;;;;440
201300027217;13;10;11;1110;1;2;1;1.0;3;143;73, RUE DE LA COMMUNE DE;;;;440
201300027225;13;10;18;1825;1;2;1;1.0;7;109;., RUE DES CHALATRES;;;;440
201300027227;13;10;21;800;5;2;1;1.0;6;109;10, RUE FOURE;;;;440
201300027229;13;10;21;1855;2;2;1;9.0;6;109;0, RUE LUCIEN BAGRIN;;;;440
201300027245;13;11;9;1430;1;2;1;1.0;6;109;BOULEVARD VINCENT GACHE;;;;440
201300027249;13;11;12;1630;1;2;2;1.0;6;109;0, RUE DESAIX;;;;440
201300027262;13;11;30;1210;1;2;1;1.0;7;109;0, ROUTE DE SAINT JOSEPH;;;;440
201300027267;13;11;28;825;1;2;1;1.0;2;162;17, RUE THEOPHILE GUILLO;;;;440
201300027269;13;12;7;1410;1;2;1;1.0;3;109;RUE DE BEL AIR;;;;440
201300027279;13;12;17;850;1;2;1;9.0;3;109;RUE DES COLLINES;;;;440
201300027282;13;12;26;440;4;2;1;9.0;3;109;00, RUE DU PORT BOYER;;;;440
201300027292;13;1;22;1850;5;2;1;1.0;3;184;42, HALLES (RUE DES) DU;;;;440
201300027300;13;2;19;1640;1;2;2;1.0;3;184;GRENAPIN (RUE PITRE);;;;440
201300027326;13;5;10;1500;1;2;3;1.0;3;184;ALBERT I (BOULEVARD) DU;;;;440
201300027331;13;5;15;1630;1;2;2;1.0;3;184;LIB?RATION (BOULEVARD DE;;;;440
201300027332;13;5;16;1330;1;2;2;1.0;3;184;LE NOTRE (RUE ANDR?);;;;440
201300027338;13;7;6;2110;2;2;2;1.0;3;184;40, DAQUIN (ALL?E LOUIS);;;;440
201300027342;13;7;17;1255;1;2;6;1.0;6;184;COTY (BOULEVARD REN?);;;;440
201300027370;13;9;22;1750;1;2;1;1.0;2;184;35, PERRIN (BOULEVARD PA;;;;440
201300027383;13;11;15;745;2;2;1;1.0;3;184;LANDETTES (Rond Point);;;;440
201300027410;13;4;17;1918;1;2;3;1.0;3;68;R DEMI LUNE/DEMI LUNE;M;4802231.0;273622.0;450
201300027413;13;4;24;1618;1;1;2;1.0;3;4;R BRUYERES/GUE PIOCHE;M;4799029.0;278503.0;450
201300027438;13;8;23;1605;1;2;1;1.0;2;4;1336 AV ANTIBES;M;4797532.0;273330.0;450
201300027450;13;10;5;1515;1;2;1;1.0;3;208;LAC(ALLEE DE LA RESIDENC;;;;450
201300027463;13;12;6;450;5;2;3;2.0;3;68;AV GL LECLERC/R CONDORCE;M;4802139.0;273720.0;450
201300027488;13;3;13;1540;1;2;3;1.0;3;285;R BATE/PAUL DOUMER;M;4790835.0;187726.0;450
201300027489;13;3;14;1700;1;2;1;1.0;3;234;AV LIBERATION // PARKING;M;4791922.0;190268.0;450
201300027492;13;3;23;1755;1;2;1;1.0;3;234;97 FG MADELEINE;M;4790009.0;188262.0;450
201300027503;13;4;17;1030;1;2;1;1.0;6;286;25 R DES VARENNES;M;4788684.0;191843.0;450
201300027509;13;5;6;1815;1;2;3;1.0;4;286;RTE SANDILLON/R PAVE ROM;M;4788501.0;192920.0;450
201300027525;13;6;24;745;1;1;1;1.0;3;274;R DE LA LEVEE;M;4787680.0;198426.0;450
201300027531;13;7;2;1130;1;2;1;1.0;6;234;19 R DE LA REPUBLIQUE;M;4790441.0;190442.0;450
201300027543;13;10;4;1550;1;2;1;1.0;3;234;16 BD MARIE STUART;M;4791202.0;191948.0;450
201300027547;13;10;17;1105;1;2;6;1.0;3;147;AV ORADOUR GLANE/MERMOZ;M;4793257.0;192834.0;450
201300027560;13;12;19;1315;1;1;1;1.0;3;234;25, BOLIERE (RUE DE LA);;;;450
201300027576;13;12;17;800;1;2;2;1.0;3;1;MONTAIGNE (RUE);;;;470
201300027581;13;3;21;915;1;2;1;1.0;5;1;LIBERTE (BOULEVARD DE LA;M;4419760.0;62050.0;470
201300027582;13;4;8;1210;1;2;1;1.0;3;1;CARNOT (BD DU PRESIDENT);M;4420380.0;62075.0;470
201300027584;13;4;28;1110;1;2;3;1.0;3;201;LIMPORT (CHEMIN DU);M;4421090.0;58717.0;470
201300027588;13;6;14;1255;1;2;2;2.0;3;201;PYRENEES (AVENUE DES);;;;470
201300027589;13;6;20;1650;1;2;3;1.0;3;1;CARNOT (BD DU PRESIDENT);;;;470
201300027591;13;7;3;1243;1;2;1;1.0;3;1;14 JUILLET (COURS DU);;;;470
201300027595;13;8;12;1027;1;2;6;1.0;2;1;ANCIENS COMBATTANTS AFN;;;;470
201300027602;13;10;29;920;1;2;3;1.0;3;1;BAUDIN (QUAI);;;;470
201300027617;13;10;24;1230;1;2;2;1.0;3;323;04, LAFON (RUE ERNEST);;;;470
201300027624;13;11;12;855;1;2;1;1.0;7;95;23, ROUBEYROLLE (QUAI PE;;;;480
201300027628;13;1;7;744;2;2;6;1.0;3;7;COUBERTIN BOULEVARD;M;4746420.0;-53148.0;490
201300027633;13;1;11;835;1;2;6;1.0;2;246;0, PONTS DE CE;M;4744074.0;-49853.0;490
201300027634;13;1;11;1839;5;2;3;1.0;3;267;0, GEMMETRIE;M;4746114.0;-48988.0;490
201300027650;13;1;30;1030;1;2;3;2.0;3;246;LAMARTINE;M;4743208.0;-48542.0;490
201300027651;13;1;31;817;2;2;1;1.0;6;7;0, GARE PLACE;M;4746538.0;-55701.0;490
201300027662;13;2;12;810;1;2;1;1.0;2;7;46, FOCH BOULEVARD;M;4746806.0;-55103.0;490
201300027668;13;2;21;753;2;2;1;1.0;6;7;TALET AVENUE;M;4747586.0;-54805.0;490
201300027673;13;3;5;1215;1;2;1;1.0;6;7;83, SAINT MICHEL BOULEVA;M;4747341.0;-54402.0;490
201300027692;13;3;27;1722;1;2;1;1.0;3;7;3, DAVIERS BOULEVARD;M;4747920.0;-55759.0;490
201300027701;13;4;11;1106;1;2;1;2.0;3;7;PETIT VERGER;M;4748567.0;-52521.0;490
201300027706;13;4;18;1819;1;2;1;1.0;6;7;PATTON AVENUE;M;4747319.0;-59783.0;490
201300027708;13;4;19;1220;1;2;1;1.0;2;267;HELENE BOUCHER;M;4748940.0;-50516.0;490
201300027715;13;4;29;748;1;2;1;1.0;3;7;DELACROIX RUE ET PASSAGE;M;4745619.0;-52783.0;490
201300027724;13;5;7;1645;1;2;1;1.0;7;7;17, BRAULT;M;4747363.0;-57110.0;490
201300027730;13;5;11;1720;1;2;1;1.0;6;7;40, AYRAULT;M;4747584.0;-55006.0;490
201300027734;13;5;13;1515;1;2;1;1.0;6;7;BRIOLLAY ROUTE;M;4749094.0;-52973.0;490
201300027736;13;5;16;1601;1;2;6;1.0;3;7;BLANCHOIN BOULEVARD;M;4744830.0;-53864.0;490
201300027742;13;5;22;1705;1;2;6;1.0;3;7;0, BEAUSSIER BOULEVARD;M;4747812.0;-59851.0;490
201300027743;13;5;22;1820;1;2;1;1.0;6;7;167, PYRAMIDE ROUTE;M;4744985.0;-51584.0;490
201300027744;13;5;22;1508;1;2;1;1.0;6;7;MOULIN PLACE;M;4749167.0;-55161.0;490
201300027745;13;5;27;2010;1;2;1;1.0;2;7;1, VALERY PAUL RUE ET SQ;M;4748749.0;-52972.0;490
201300027747;13;5;29;853;1;2;2;1.0;7;7;3, ROI RENE BOULEVARD;M;4746868.0;-55839.0;490
201300027761;13;6;8;1820;1;2;1;1.0;7;7;14, LEVAVASSEUR;M;4747319.0;-53152.0;490
201300027775;13;6;25;1758;1;1;4;1.0;6;7;BEAUSSIER BOULEVARD;M;4747928.0;-59747.0;490
201300027777;13;6;25;1318;1;2;1;1.0;1;7;BEDIER BOULEVARD;M;4745186.0;-54445.0;490
201300027783;13;6;30;1020;1;2;2;1.0;3;7;Square Churchill;M;4744751.0;-56177.0;490
201300027785;13;7;3;842;1;2;6;1.0;6;7;LAC DE MAINE AVENUE;M;4746473.0;-59390.0;490
201300027795;13;7;12;855;3;2;1;1.0;3;7;MENDES FRANCE PLACE;M;4747228.0;-54634.0;490
201300027796;13;7;16;1940;1;2;4;1.0;3;7;CLEMENCEAU BOULEVARD;M;4747420.0;-56722.0;490
201300027805;13;8;2;1344;1;2;1;1.0;6;7;22, DUNANT BOULEVARD;;;;490
201300027807;13;8;6;835;1;2;6;1.0;1;7;0, LIZE;;;;490
201300027812;13;8;24;1016;1;2;1;1.0;6;7;108, PRE PIGEON;M;4747550.0;-53661.0;490
201300027826;13;9;8;1215;1;2;1;1.0;6;7;0, BERGSON;;;;490
201300027831;13;9;12;754;1;2;1;2.0;6;7;0, MADELEINE;;;;490
201300027834;13;9;17;1220;1;2;3;1.0;1;7;PASTEUR AVENUE;M;4747402.0;-53743.0;490
201300027836;13;9;15;930;1;2;1;1.0;6;7;KING MARTIN-LUTHER RUE E;;;;490
201300027842;13;9;23;851;1;2;1;1.0;6;7;0, NOTRE DAME DU LAC AVE;;;;490
201300027843;13;9;24;1909;1;2;1;1.0;6;7;0, JEAN XXIII AVENUE;;;;490
201300027844;13;9;24;1336;1;2;1;1.0;7;7;0, CLEMENCEAU BOULEVARD;;;;490
201300027847;13;9;28;840;1;2;1;1.0;6;7;1, ONZE NOVEMBRE 1918 AV;;;;490
201300027849;13;9;27;1830;1;2;2;1.0;3;7;STRASBOURG BOULEVARD;;;;490
201300027851;13;9;27;1910;2;2;1;1.0;3;7;0, SALPINTE;;;;490
201300027854;13;10;1;1739;1;2;1;1.0;6;7;RABELAIS;;;;490