Num_Acc;an;mois;jour;hrmn;lum;agg;int;atm;col;com;adr;gps;lat;long;dep
201300033014;13;4;27;1950;1;2;2;2.0;3;447;0, PIERRE MENDES FRANCE;;;;670
201300033030;13;5;14;1230;1;2;2;1.0;6;482;0, DIVISION LECLERC (RUE;;;;670
201300033031;13;5;14;1440;1;2;3;1.0;3;482;0, DIVISION LECLERC (RUE;;;;670
201300033032;13;5;14;1900;1;2;3;1.0;3;482;0, MINOTERIE (RUE DE LA);;;;670
201300033039;13;5;24;655;1;2;6;1.0;3;482;0, CHARLES PEGUY (RUE);;;;670
201300033042;13;5;25;1520;1;2;3;1.0;3;482;0, REPUBLIQUE (PLACE DE;;;;670
201300033043;13;5;25;1800;1;2;1;1.0;1;43;4, ECOLE (RUE DE L );;;;670
201300033049;13;6;4;1820;1;2;3;1.0;3;447;0, CHARME (RUE DU);;;;670
201300033051;13;6;5;840;1;2;1;1.0;2;482;0, ARTHUR RIMBAUD (RUE);;;;670
201300033055;13;6;6;1905;1;2;2;1.0;3;43;0, BRUMATH (ROUTE DE);;;;670
201300033064;13;6;14;1345;1;1;3;1.0;3;482;GENERAL OFFENSTEIN (RUE;;;;670
201300033065;13;6;15;410;5;2;2;1.0;3;482;0, ALFRED KASTLER (RUE);;;;670
201300033068;13;6;20;1925;1;2;1;1.0;3;482;17, JACQUES PREISS (BOUL;;;;670
201300033069;13;6;21;1645;1;2;1;1.0;3;482;0, HURTIGHEIM (RUE DE);;;;670
201300033073;13;6;24;1630;1;2;1;1.0;6;482;PETIT MARAIS (RUE DU);;;;670
201300033083;13;7;2;1810;1;2;1;1.0;3;482;0, ORBEY (RUE D );;;;670
201300033085;13;7;3;1855;1;2;3;1.0;3;204;43, MARECHAL LECLERC (RU;;;;670
201300033086;13;7;4;835;1;2;1;1.0;3;482;0, OBERHAUSBERGEN (ROUTE;;;;670
201300033087;13;7;4;1430;1;2;1;1.0;3;482;0, BORDEAUX (PLACE DE);;;;670
201300033088;13;7;5;1000;1;2;1;1.0;3;218;6, STRASBOURG (ROUTE DE);;;;670
201300033100;13;7;13;1015;1;2;2;1.0;3;482;0, SOULTZ (RUE DE);;;;670
201300033101;13;7;13;1750;1;2;1;1.0;6;482;79, ROMAINS (ROUTE DES);;;;670
201300033105;13;7;20;1150;1;2;1;1.0;1;482;0, BELGES (QUAI DES);;;;670
201300033107;13;7;23;1915;1;2;1;1.0;3;482;0, MARCEL PROUST (RUE);;;;670
201300033118;13;8;2;1000;1;2;2;1.0;3;447;0, GENERAL DE GAULLE (RO;;;;670
201300033119;13;8;2;1545;1;2;1;1.0;6;482;33, ALPES (QUAI DES);;;;670
201300033120;13;8;3;900;1;2;1;1.0;3;482;6, OBERHAUSBERGEN (ROUTE;;;;670
201300033122;13;8;4;1445;1;2;2;1.0;3;482;0, MOLSHEIM (RUE DE);;;;670
201300033125;13;8;7;1720;1;2;1;2.0;3;482;22, ORPHELINS (RUE DES);;;;670
201300033129;13;8;10;400;5;2;2;1.0;6;482;0, GUTENBERG (PLACE);;;;670
201300033131;13;8;12;1335;1;2;1;1.0;1;482;12, OBERHAUSBERGEN (ROUT;;;;670
201300033134;13;8;17;1630;1;2;1;1.0;3;482;26, AUGUSTIN FRESNEL (RU;;;;670
201300033137;13;8;19;1158;1;2;1;1.0;6;482;4, MAIRE KUSS (RUE DU);;;;670
201300033143;13;8;23;1710;1;2;2;1.0;3;204;0, STADE (RUE DU);;;;670
201300033144;13;8;28;710;1;2;3;1.0;3;482;0, VIEUX MARCHE AUX VINS;;;;670
201300033147;13;8;29;1446;1;2;3;1.0;1;482;175, ROMAINS (ROUTE DES);;;;670
201300033149;13;9;2;838;1;2;3;1.0;3;482;0, FAUBOURG NATIONAL (RU;;;;670
201300033153;13;9;3;1825;1;2;3;1.0;3;482;0, AUBEPINE (SENTIER DE;;;;670
201300033154;13;9;3;2110;5;2;3;1.0;6;482;0, POLYGONE (ROUTE DU);;;;670
201300033157;13;9;6;1820;1;2;3;1.0;6;482;0, DETTWILLER (RUE DE);;;;670
201300033163;13;9;11;1600;1;2;4;3.0;3;482;0, PORTE DE L HOPITAL (R;;;;670
201300033169;13;9;18;1815;2;2;2;1.0;3;482;4, FINKWILLER (RUE);;;;670
201300033177;13;9;25;1755;1;2;1;1.0;6;267;8, CROIX (RUE DE LA);;;;670
201300033185;13;10;3;1340;1;2;1;1.0;3;482;3, SEBASTIEN BRANT (PLAC;;;;670
201300033186;13;10;3;1720;1;2;1;1.0;3;267;1, SCHUMANN (AVENUE);;;;670
201300033193;13;10;9;1640;1;2;1;1.0;7;482;287, COLMAR (AVENUE DE);;;;670
201300033196;13;10;9;2040;2;2;2;1.0;3;482;0, ALPES (QUAI DES);;;;670
201300033199;13;10;11;1745;1;2;3;1.0;3;482;0, ALFRED KASTLER (RUE);;;;670
201300033203;13;10;18;2350;5;2;2;1.0;3;482;0, SAINT ETIENNE (QUAI);;;;670
201300033204;13;10;19;2255;5;2;1;2.0;3;482;47, ZURICH (RUE DE);;;;670
201300033208;13;10;23;725;2;2;3;2.0;3;482;0, ALPHONSE ADAM (RUE);;;;670
201300033210;13;10;26;1315;1;2;3;1.0;3;447;0, BISCHWILLER (ROUTE DE;;;;670
201300033218;13;11;5;930;1;2;2;1.0;3;482;0, RATHSAMHAUSEN (RUE DE;;;;670
201300033219;13;11;5;1150;1;2;1;1.0;2;482;11, SILBERMANN (RUE);;;;670
201300033220;13;11;5;1810;5;2;1;2.0;1;43;0, LONGCHAMPS (RUE DE);;;;670
201300033222;13;11;6;1523;1;2;2;8.0;3;482;1, TRAVAIL (RUE DU);;;;670
201300033239;13;11;21;825;1;2;3;2.0;3;447;0, GENERAL DE GAULLE (RO;;;;670
201300033255;13;12;2;845;1;2;2;1.0;3;482;0, GUSTAVE DORE (RUE);;;;670
201300033258;13;12;5;2200;5;2;1;1.0;1;482;2, BRIGADE ALSACE LORRAI;;;;670
201300033269;13;12;11;1745;5;2;3;5.0;5;218;0, INDUSTRIE (RUE DE L );;;;670
201300033277;13;12;16;1545;1;2;1;1.0;6;482;0, REPUBLIQUE (PLACE DE;;;;670
201300033285;13;12;24;738;5;2;1;1.0;3;447;27, EUROPE (AVENUE DE L;;;;670
201300033290;13;1;28;1745;2;2;6;1.0;6;66;LADHOF (RUE DU);;;;680
201300033292;13;2;3;1600;1;2;2;1.0;2;66;CAVALERIE (RUE DE LA);M;4808207.0;736035.0;680
201300033296;13;2;14;800;1;2;6;1.0;6;66;18, LIBERTE (AVENUE DE L;M;4807490.0;734414.0;680
201300033302;13;3;15;1650;1;2;2;1.0;6;66;11, SANDHERR (RUE CHARLE;M;4806646.0;734513.0;680
201300033306;13;4;24;1424;1;2;2;1.0;3;66;15, ST ELOI (RUE);M;4807964.0;736243.0;680
201300033326;13;8;10;1259;1;2;1;1.0;3;66;MARGUERITES (RUE DES) 8;M;4808594.0;732993.0;680
201300033329;13;8;30;1700;1;2;1;1.0;6;66;1. WILHELM (RUE HENRY);M;4808369.0;735381.0;680
201300033332;13;9;26;1003;1;1;6;1.0;6;66;120, LADHOF (RUE DU);M;4810743.0;737970.0;680
201300033333;13;9;27;754;1;2;3;1.0;6;66;01, TURCKHEIM (RUE DE);M;4807727.0;734785.0;680
201300033343;13;11;28;1620;2;1;3;1.0;6;66;1, SOIE (RUE DE LA);M;4808707.0;736810.0;680
201300033344;13;11;28;1500;1;2;1;1.0;6;66;21, RAPP (RUE);M;4808102.0;736005.0;680
201300033353;13;1;22;1645;1;2;3;2.0;6;224;64, FORST (QUAI DU);M;4775253.0;732794.0;680
201300033357;13;3;4;1130;1;2;1;1.0;6;224;01, PORTE JEUNE;M;4774961.0;733903.0;680
201300033370;13;4;29;1620;1;2;1;2.0;3;224;UNIVERSITE (RUE DE L');M;4773391.0;731611.0;680
201300033375;13;5;11;1344;1;2;1;1.0;3;224;COUBERTIN (RUE PIERRE DE;M;4773672.0;733026.0;680
201300033380;13;5;29;750;1;2;3;2.0;3;224;SOLEIL (RUE DU);M;4775554.0;731720.0;680
201300033385;13;6;28;1305;1;2;3;1.0;3;224;, HUGUENIN (RUE);M;4774768.0;733180.0;680
201300033401;13;9;26;350;5;2;3;1.0;3;224;CHAUDRONNIERS (RUE DES);;;;680
201300033402;13;10;9;1115;1;2;1;1.0;6;224;ALGER (QUAI D');M;4774508.0;734669.0;680
201300033411;13;12;3;1454;1;2;1;1.0;3;224;11, KENNEDY (AVENUE DU P;;;;680
201300033417;13;12;13;616;5;2;2;1.0;6;224;1, GALFINGUE (RUE DE);;;;680
201300033420;13;12;23;1855;5;2;3;1.0;6;224;14, NATIONS (BOULEVARD D;;;;680
201300033423;13;12;30;1435;1;2;3;1.0;6;56;52, DAMBERG (RUE);;;;680
201300033425;13;12;30;1515;1;2;2;7.0;1;297;49, HURST ( RUE );;;;680
201300033428;13;8;21;750;2;2;1;1.0;1;149;31, ABBATUCCI ( RUE ET P;M;4759375.0;758106.0;680
201300033433;13;11;22;1720;5;2;2;2.0;1;297;HURST ( RUE );;;;680
201300033435;13;6;18;1750;1;2;3;1.0;3;297;MARS (RUE DU 1ER);M;4757849.0;754735.0;680
201300033449;13;2;1;959;1;2;6;1.0;3;29;0, BOULEVARD DE L UNIVER;;;;690
201300033483;13;1;26;1320;1;2;6;1.0;3;34;CHEMIN JEAN PETIT;;;;690
201300033491;13;4;4;15;5;2;6;1.0;3;34;1, PLACE MARECHAL FOCH;;;;690
201300033494;13;5;4;810;1;2;6;2.0;3;34;00, PLACE MARECHAL FOCH;;;;690
201300033495;13;5;9;1645;1;2;1;1.0;6;34;2, RUE EDOUARD BRANLY;;;;690
201300033508;13;6;28;1335;1;2;4;1.0;1;34;16, MONTEE DES FORTS;;;;690
201300033526;13;9;27;1200;1;2;1;1.0;3;34;SANS, PONT RAYMOND POINC;;;;690
201300033530;13;11;11;920;1;2;1;1.0;3;34;155, RUE PASTEUR;;;;690
201300033538;13;12;18;640;5;2;1;2.0;3;34;PONT RAYMOND POINCARE;;;;690
201300033547;13;3;3;1620;1;2;1;1.0;3;91;1, DOBELN ( R );;;;690
201300033559;13;6;14;1600;1;2;1;1.0;6;91;x, SEMARD (PIERRE) ( R );;;;690
201300033562;13;6;29;1020;1;2;1;2.0;6;91;5, MARECHAL LECLERC  (AV;;;;690
201300033563;13;7;4;1120;1;2;1;1.0;2;34;MONTEE DES SOLDATS;;;;690
201300033572;13;9;3;1705;1;1;1;1.0;7;91;X, NEUVE (RTE);;;;690
201300033576;13;9;25;1427;1;2;1;1.0;6;91;X, VIEILLE DU BOURG  ( R;;;;690
201300033583;13;10;29;1620;1;2;1;1.0;3;96;25, BOUTRAS (DE) ( R );;;;690
201300033593;13;2;7;1125;1;2;1;8.0;1;149;face 112, EMILE ZOLA;;;;690
201300033603;13;4;17;1810;1;2;1;1.0;2;202;141, FONDS (DES);;;;690
201300033616;13;6;5;1500;1;2;1;1.0;2;202;00, CHAPONOST (DE);;;;690
201300033632;13;8;14;1800;1;2;1;2.0;1;142;8, BASTERO (DE LA);;;;690
201300033639;13;10;9;1650;1;2;1;1.0;3;152;15, HAUTE ROCHE (DE);;;;690
201300033641;13;9;26;715;5;1;1;1.0;3;152;Chemin du barrage;;;;690
201300033649;13;11;14;1320;1;2;3;1.0;2;152;1, TERRASSE (DE LA);;;;690
201300033674;13;4;15;2000;1;2;3;1.0;3;256;0, LAMARTINE;;;;690
201300033681;13;6;1;1954;1;2;2;1.0;6;256;0, BATAILLON CARMAGNOLE;;;;690
201300033684;13;6;17;1955;1;2;1;1.0;1;256;LENINE - CENTRE;;;;690
201300033736;13;4;9;1200;1;2;2;1.0;2;199;0, RUE LOUIS BLANC;;;;690
201300033756;13;6;11;1935;1;2;3;1.0;5;259;0, AVENUE JULES GUESDE;;;;690
201300033758;13;6;18;1945;1;2;1;1.0;2;199;12, JEAN JAURES;;;;690
201300033760;13;6;20;1710;1;2;1;1.0;6;259;27, BOULEVARD LENINE;;;;690
201300033784;13;8;26;1745;1;2;1;1.0;3;259;30, AVENUE JEAN CAGNE;;;;690
201300033788;13;9;3;1835;1;2;1;1.0;2;199;02, AVENUE JEAN JAURES;;;;690
201300033797;13;9;21;1510;1;2;1;1.0;3;259;1, BOULEVARD DE LA JEUNE;;;;690
201300033802;13;9;30;1740;1;2;1;1.0;2;259;13, AVENUE MAURICE THORE;;;;690
201300033810;13;10;26;1810;1;2;1;1.0;6;276;19, RUE DU 11 NOVEMBRE 1;;;;690
201300033839;13;3;30;1530;1;1;1;1.0;6;264;PASCAL BLAISE  R;;;;690
201300033840;13;4;17;1655;1;2;1;1.0;6;264;242, PAIX RUE DE LA;;;;690
201300033853;13;9;4;1825;1;2;3;1.0;6;264;0, PASQUIER PIERRE  BD;;;;690
201300033878;13;3;19;1550;1;2;2;1.0;3;266;28, RUE EUGENE FOURNIERE;;;;690
201300033881;13;3;26;1240;1;2;1;1.0;6;266;0, BOULEVARD LAURENT BON;;;;690
201300033886;13;4;10;2330;5;2;3;2.0;3;266;0, AVENUE DU COMMANDANT;;;;690
201300033887;13;4;17;1920;1;2;2;1.0;3;266;19, RUE EDOUARD VAILLANT;;;;690
201300033897;13;6;27;1710;1;2;1;1.0;6;266;2/4, RUE JEAN OTTAVI;;;;690
201300033901;13;7;17;1921;1;2;1;1.0;2;266;161, COURS EMILE ZOLA;;;;690
201300033911;13;9;2;755;1;2;1;1.0;3;266;129, COURS EMILE ZOLA;;;;690
201300033922;13;9;30;1310;1;2;3;1.0;6;266;COURS TOLSTOI;;;;690
201300033936;13;10;24;745;2;2;6;1.0;3;266;0, AVENUE ANTOINE DE SAI;;;;690
201300033946;13;11;16;1825;5;2;3;1.0;3;266;01, AVENUE ALBERT EINSTE;;;;690
201300033954;13;12;6;1230;1;2;3;2.0;3;266;0, RUE DU 8 MAI 1945;;;;690
201300033957;13;12;14;2020;5;2;3;1.0;1;266;0, RUE ANATOLE FRANCE;;;;690
201300033967;13;4;25;1735;1;2;6;1.0;3;275;RUE DE LA REPUBLIQUE;;;;690
201300033986;13;6;13;2125;5;2;6;2.0;2;282;0, RUE DE LA REPUBLIQUE;;;;690
201300034006;13;2;17;1540;1;2;2;1.0;3;286;RUE FLEURY SALIGNAT;;;;690
201300034018;13;9;23;1740;1;2;1;1.0;6;286;39, ROUTE DE GENEVE;;;;690
201300034023;13;3;6;905;1;2;2;2.0;3;290;0, RUE GARIBALDI;;;;690
201300034037;13;5;28;1650;1;2;6;3.0;3;290;0, RUE DE L AVIATION;;;;690
201300034058;13;10;16;1850;5;2;1;2.0;5;290;16, RUE ARISTIDE BRIAND;;;;690
201300034078;13;7;19;1900;1;2;1;1.0;3;285;MONT VAUDOIS (RUE DU);;;;700
201300034082;13;4;14;1110;1;1;3;1.0;3;513;PUSEY (ROUTE DE);;;;700
201300034090;13;7;21;1315;1;2;1;1.0;3;550;21, BARON BOUVIER (RUE);;;;700
201300034094;13;9;3;1450;1;2;3;1.0;3;550;JAURES (RUE JEAN);M;0.0;0.0;700
201300034104;13;1;3;1035;1;2;3;1.0;3;76;15 avenue deL AUBEPIN;M;4679487.0;484708.0;710
201300034120;13;4;23;1435;1;2;1;1.0;6;76;avenue NIEPCE;M;4678279.0;484740.0;710
201300034123;13;5;2;1500;1;1;9;1.0;3;475;ROUTE NATIONALE 80;;;;710
201300034125;13;6;3;1325;1;2;1;1.0;3;76;1RUE  ROSTAND;M;4677801.0;483946.0;710
201300034152;13;7;24;900;1;2;9;1.0;3;153;rue de LONGWY;;;;710
201300034155;13;8;31;1545;1;1;9;1.0;6;540;le VIEUX SAULE;;;;710
201300034156;13;9;2;1335;1;2;9;1.0;6;540;Rond-Point du Vieux Saul;;;;710
201300034162;13;11;22;1110;1;2;3;4.0;3;153;avenue de MONTALVIN;M;4680478.0;445951.0;710
201300034199;13;1;11;800;2;2;6;2.0;3;181;TIRONNEAU ADRIEN (PL);;;;720
201300034206;13;3;5;1030;1;2;1;1.0;3;181;SANS, GAULLE GENERAL DE;;;;720
201300034208;13;3;28;1310;1;1;1;1.0;6;181;WASHINGTON GEORGES (PL);;;;720
201300034210;13;4;18;1157;1;2;3;1.0;3;181;sans, PASTEUR (RUE);;;;720
201300034215;13;5;29;1650;1;2;1;1.0;6;181;140, GENESLAY FELIX (AV);;;;720
201300034218;13;7;4;1530;1;1;1;1.0;2;181;LATTRE DE TASSIGNY MAREC;;;;720
201300034237;13;7;27;1300;1;2;1;1.0;2;8;4, CLEMENCEAU GEORGES PL;M;4569385.0;591040.0;730
201300034238;13;8;17;1030;1;2;2;1.0;3;8;2, GRAND PORT (JUSQU'A L;M;4569458.0;591027.0;730
201300034253;13;7;24;1155;1;2;3;1.0;3;65;Bd Gambetta-Quai Verdun;M;4557343.0;591591.0;730
201300034255;13;8;12;1810;1;2;2;1.0;3;65;Girard Madoux, Bon Paste;M;4556964.0;591116.0;730
201300034287;13;7;16;1735;1;2;3;1.0;6;93;AV DE PRELEVET/ PEROLLES;;;;740
201300034330;13;7;22;1805;1;2;1;1.0;6;12;RUE DE LA RESISTANCE;;;;740
201300034339;13;10;3;1745;1;2;6;1.0;3;118;ROUTE DES DEPORTES;;;;740
201300034341;13;10;16;900;1;2;2;1.0;3;12;RUE DU PARC;;;;740
201300034346;13;12;4;540;5;2;3;5.0;6;8;1RUE DE GENEVE/LACHENAL;;;;740
201300034366;13;7;12;1930;1;2;1;1.0;6;119;AVENUE DES MEMISES;;;;740
201300034368;13;8;1;1910;1;2;2;1.0;3;218;RUE LA GARENNE/ MIROIR;;;;740
201300034379;13;10;30;700;2;2;1;1.0;5;281;AVENUE DE GENEVE;;;;740
201300034380;13;10;26;920;1;2;3;1.0;3;218;PAYS DE GAVOT / BD GOLF;;;;740
201300034385;13;11;14;1055;1;2;3;1.0;3;281;AV DU GENERAL DE GAULLE;;;;740
201300034387;13;11;29;1750;5;2;1;1.0;1;281;RUE DES VIGNES ROUGES;;;;740
201300034391;13;7;6;830;1;2;1;1.0;2;384;11, RTE DU MONT;M;4952817.0;54340.0;760
201300034396;13;12;12;1430;1;1;1;1.0;3;476;AV DU GENERAL DE  GAULLE;M;4949619.0;54892.0;760
201300034434;13;6;20;935;1;2;2;2.0;6;217;AV DE LA LIBERATION;M;4992466.0;110914.0;760
201300034435;13;6;21;1700;1;2;1;1.0;1;217;CRS DE DAKAR;M;4991787.0;109069.0;760
201300034439;13;7;8;1450;1;1;6;1.0;3;707;;M;4987294.0;110014.0;760
201300034474;13;3;9;1645;1;1;1;1.0;7;486;RTE FORESTIERE;M;4933112.0;99337.0;760
201300034487;13;12;28;1150;1;2;2;1.0;3;600;46, R DU 8 MAI 1945;M;4974180.0;36805.0;760
201300034492;13;1;10;1240;1;2;1;2.0;3;351;189, R STENDHAL;M;4952034.0;8285.0;760
201300034506;13;1;30;830;2;2;3;3.0;3;351;QU DE LA  REUNION;M;4948725.0;12593.0;760
201300034540;13;3;24;1235;1;2;1;1.0;7;351;BOIS DE BLEVILLE;M;4952418.0;13247.0;760
201300034553;13;4;18;1655;1;2;2;1.0;3;351;20,R CASIMIR DELAVIGNE;M;4949387.0;11837.0;760
201300034581;13;6;9;1645;1;2;3;1.0;6;351;CHS JOHN KENNEDY;M;4948446.0;10355.0;760
201300034590;13;6;21;1815;1;2;3;1.0;3;351;CRS DE LA REPUBLIQUE;M;4950091.0;13057.0;760
201300034595;13;7;3;1615;1;2;2;1.0;6;351;PONT DENIS PAPIN;M;4949428.0;13824.0;760
201300034601;13;7;9;1915;1;2;1;1.0;3;351;471, AV DU BOIS AU COQ;M;4951982.0;11479.0;760
201300034602;13;7;10;930;1;2;1;1.0;6;351;22, R DU VORNIER;M;4950870.0;12194.0;760
201300034604;13;7;11;105;5;2;2;1.0;3;351;0, MASSILLON;M;4949876.0;13599.0;760
201300034610;13;7;21;1830;1;2;3;1.0;3;552;5, R REINE ELISABETH;M;4950354.0;8665.0;760
201300034614;13;8;4;1740;1;2;1;1.0;3;351;113, CRS DE LA REPUBLIQ;M;4949731.0;12793.0;760
201300034615;13;8;6;1235;1;2;1;1.0;7;351;AV AMIRAL DU CHILLOU;M;4947559.0;17571.0;760
201300034618;13;8;10;2130;2;2;2;1.0;7;351;R ANDRE VIMBERT;M;4952133.0;16020.0;760
201300034630;13;9;5;1630;1;2;3;1.0;3;351;CRS DE LA REPUBLIQUE;M;4950115.0;13054.0;760
201300034632;13;9;6;2130;5;2;1;1.0;7;351;TUNNEL  JENNER;M;4950309.0;13220.0;760
201300034643;13;9;24;1020;1;2;1;1.0;7;552;BD PRESIDENT FELIX FAURE;M;4950095.0;7919.0;760
201300034653;13;10;20;1945;5;2;1;1.0;6;351;78, R JOSEPH MADEC;M;4950754.0;13925.0;760
201300034654;13;10;23;740;2;1;1;1.0;3;305;RTE DU PONT VIII;M;4949726.0;21119.0;760
201300034663;13;11;1;2320;5;2;2;2.0;6;351;R  TOURVILLE;M;4949828.0;12298.0;760
201300034688;13;12;1;1410;1;2;4;1.0;6;552;6, R DU ROI ALBERT;M;4950264.0;8553.0;760
201300034713;13;12;19;1900;5;2;1;1.0;6;540;AV CHAMPLAIN;M;4943392.0;109180.0;760
201300034714;13;12;20;810;2;2;4;2.0;6;540;R HENRI RIVIERE;M;4943622.0;111214.0;760
201300034715;13;12;17;1705;1;2;3;1.0;3;540;12, R BRISOUT DE BARNE;M;4943426.0;108143.0;760
201300034725;13;1;15;1520;1;2;6;1.0;6;322;BD DE VERDUN;M;4941429.0;104468.0;760
201300034766;13;4;2;1255;1;2;2;1.0;3;322;R GAY LUSSAC;M;4941740.0;104695.0;760
201300034799;13;5;26;2030;1;2;1;1.0;3;474;38, R FREDERIC CHOPIN;M;4947794.0;105889.0;760
201300034813;13;6;10;115;5;2;2;1.0;3;681;1, GAULLE. PLACE CHARLES;M;4941103.0;109314.0;760
201300034814;13;4;28;1550;1;2;2;1.0;3;540;01, GAMBETTA. BOULEVARD;M;4943955.0;111063.0;760
201300034821;13;6;18;845;1;2;2;2.0;3;319;BD DU GRAND AULNAY;M;4934519.0;97900.0;760
201300034835;13;6;14;1905;1;2;1;1.0;3;322;17, AV FRANKLIN ROOSEVEL;M;4939891.0;105792.0;760
201300034876;13;9;11;1735;1;2;1;1.0;3;575;R DU VELAY;M;4937190.0;109796.0;760
201300034892;13;10;5;1700;1;2;1;1.0;6;474;1169, R DESLONGS VALLONS;M;4948586.0;106172.0;760
201300034898;13;10;16;800;1;2;2;2.0;3;497;356, R PIERRE CORNEILLE;M;4939071.0;102169.0;760
201300034900;13;10;19;1140;1;1;1;2.0;3;484;;M;4934330.0;106905.0;760
201300034925;13;11;16;1630;1;2;1;1.0;2;212;75, R DE PREAUX;M;4945333.0;115859.0;760
201300034927;13;11;22;850;1;2;2;1.0;3;540;53, AV DE BRETAGNE;M;4943323.0;108531.0;760
201300034953;13;2;18;903;1;2;1;1.0;2;108;MONTFERMEIL (ROUTE DE);;;;770
201300034958;13;6;28;1525;1;2;1;2.0;6;108;MARINIERS (QUAI DES);M;4886695.0;259339.0;770
201300034986;13;9;30;1810;1;2;1;1.0;1;131;15, ELVERT ROBERT (AVENU;M;4880467.0;307925.0;770
201300035007;13;10;8;1610;1;2;3;1.0;3;131;MARNE (BOULEVARD DE LA);;;;770
201300035019;13;5;17;1750;1;1;1;1.0;2;186;RD606. de la rochette;;;;770
201300035023;13;7;18;1029;1;1;2;1.0;5;186;RD148 carrefour DIANE;;;;770
201300035025;13;8;4;1015;1;2;1;1.0;3;186;15, GRANDE (RUE);M;4840445.0;270064.0;770
201300035030;13;10;11;1635;2;1;1;3.0;2;442;D210.carre mar?chaux apr;;;;770
201300035042;13;7;11;1100;1;2;1;7.0;3;237;LAGNY  (RUE DE  );;;;770
201300035056;13;10;2;1020;1;1;1;1.0;3;284;1, SENLIS (RUE DE);;;;770
201300035104;13;5;12;1150;1;1;1;1.0;7;251;ROYALE (ALLEE);M;4862211.0;252852.0;770
201300035111;13;6;30;826;1;2;6;1.0;2;445;REGALLES (AVENUE DES);M;4860339.0;255950.0;770
201300035113;13;7;26;615;3;1;1;3.0;3;296;D402;;;;770
201300035124;13;10;28;1525;1;2;6;1.0;2;122;EUROPE ( Boulevard de l';;;;770
201300035149;13;4;15;1805;1;2;3;1.0;3;491;38, FONTAINEBLEAU (AVENU;;;;770
201300035150;13;6;27;1805;1;2;1;1.0;3;491;LIDO (ALLEE DU);M;4838154.0;280599.0;770
201300035152;13;8;4;1035;1;2;3;1.0;3;501;LORREZ-LE-BOCAGE (ROUTE;;;;770
201300035153;13;12;15;1520;1;2;4;1.0;3;79;GENERAL DE GAULLE (RUE D;;;;770
201300035196;13;10;22;1425;1;2;3;1.0;6;258;02, SEGRAIS (BOULEVARD D;;;;770
201300035214;13;5;5;1915;1;2;1;1.0;3;350;0, GENERAL LECLERC (AVEN;;;;770
201300035218;13;6;13;750;1;1;1;1.0;2;390;CD 21;;;;770
201300035225;13;7;21;1405;1;2;6;1.0;6;249;VILLARCEAU (ROND POINT D;;;;770
201300035233;13;11;3;1125;1;1;6;1.0;3;374;CD 471;;;;770
201300035243;13;11;22;1124;1;1;1;8.0;3;459;Route Départementale 619;;;;770
201300035278;13;5;6;1500;1;2;4;1.0;3;172;0, PASTEUR (RUE);;;;780
201300035281;13;10;23;1015;1;2;2;7.0;3;172;BRETELLE SORTIE RN 184;;;;780
201300035285;13;1;5;1625;2;2;1;2.0;7;208;DEPARTEMENTALE 58 (ROUTE;;;;780
201300035287;13;9;28;1720;1;2;1;2.0;2;383;LIMAGNE (AVENUE DE);;;;780
201300035308;13;6;22;1113;1;2;1;1.0;2;383;LIMAGNE (AVENUE DE);;;;780
201300035312;13;8;31;1548;1;2;1;1.0;5;383;CHEVREUSE (RUE DE);;;;780
201300035315;13;9;5;1850;1;2;1;1.0;6;208;HUIT MAI 1945 (AVENUE DU;;;;780
201300035319;13;10;8;1025;1;2;1;1.0;6;397;INDETRM, Raymond BERRURI;;;;780