Num_Acc;an;mois;jour;hrmn;lum;agg;int;atm;col;com;adr;gps;lat;long;dep
201300035341;13;2;12;1000;1;2;1;1.0;6;297;RD 91;M;4876106.0;207019.0;780
201300035345;13;4;2;1900;1;2;1;1.0;3;297;ALEMBERT (BOULEVARD D');;;;780
201300035353;13;6;4;925;1;1;1;1.0;6;297;SOURCES DE LA BIEVRES (R;;;;780
201300035365;13;9;23;1702;1;2;3;1.0;6;688;, AV DE LA PYRAMIDE;;;;780
201300035371;13;11;19;805;2;2;1;2.0;3;297;AVENUE DE L'EUROPE;;;;780
201300035380;13;7;5;830;1;2;1;1.0;1;311;32, PAIX (RUE DE LA);;;;780
201300035412;13;4;17;950;1;2;2;1.0;3;362;00, RUE JEAN MOULIN;;;;780
201300035449;13;3;7;1600;1;2;2;1.0;1;372;40, SAINT GERMAIN (AVENU;;;;780
201300035481;13;4;17;1510;1;1;1;1.0;3;29;CLOS DE REINE (RUE DU);;;;780
201300035488;13;5;28;1250;1;2;1;2.0;1;299;VEXIN (ROUTE DU);;;;780
201300035513;13;8;13;1850;1;2;1;1.0;6;440;CROIX VERTE (RUE DE LA);;;;780
201300035527;13;10;1;815;1;2;6;1.0;6;29;CHARLES DE GAULLE (AVENU;;;;780
201300035528;13;10;7;1900;1;2;1;1.0;3;440;POISSY (RUE DE);;;;780
201300035540;13;1;8;820;1;2;1;2.0;6;165;AV JEAN JAURES;M;4882770.0;198252.0;780
201300035545;13;2;12;925;1;2;6;2.0;3;490;AV ST GERMAIN/LEON BLUM;M;4882700.0;196397.0;780
201300035558;13;8;22;1210;1;2;6;1.0;2;165;BARBUSSE (AVENUE HENR;;;;780
201300035582;13;9;4;1915;1;2;4;1.0;7;672;GALLIENI RUE;;;;780
201300035588;13;10;11;1935;2;2;6;1.0;3;643;EUROPE ROND POINT DE L';;;;780
201300035592;13;12;28;1220;1;2;1;1.0;3;642;63, MALRAUX BD ANDRE;;;;780
201300035638;13;4;23;820;1;2;1;1.0;3;517;59 R GRANGE COLOMBE;M;4865891.0;185837.0;780
201300035640;13;4;29;1230;1;2;4;1.0;3;220;R DE BRETAGNE/LANGUEDOC;M;4871842.0;189202.0;780
201300035646;13;7;26;1930;1;2;3;1.0;3;220;5, Jean Ferrat (rue);;;;780
201300035653;13;10;17;1820;1;2;6;1.0;3;517;CLAIRIERE (AVENUE DE LA);;;;780
201300035666;13;6;25;1630;1;2;1;1.0;1;73;ROBESPIERRE (RUE);;;;780
201300035693;13;1;14;1220;1;2;2;1.0;3;586;AV REPUBLIQUE/DIXMUDE;M;4893376.0;215121.0;780
201300035696;13;2;18;845;1;2;3;7.0;3;586;R VERDUN/FRANCKLIN;M;4893085.0;215581.0;780
201300035706;13;6;26;1850;1;2;1;1.0;3;586;BEZONS;;;;780
201300035723;13;6;21;755;1;2;3;1.0;2;621;POLITZER (AVENUE GEORGES;;;;780
201300035734;13;12;29;1215;1;2;3;1.0;6;686;GASTON BOISSIER;;;;780
201300035743;13;6;28;1445;1;2;1;1.0;6;640;2, EUROPE (AVENUE DE L');;;;780
201300035760;13;4;7;1045;1;1;1;1.0;5;524;RN 307;;;;780
201300035765;13;9;26;1717;1;2;1;1.0;3;646;86, PARIS (AVENUE DE);;;;780
201300035770;13;9;15;1200;1;2;3;1.0;2;646;GLATIGNY;;;;780
201300035777;13;10;12;1215;1;2;1;1.0;6;646;7, COSTE (RUE);;;;780
201300035788;13;9;1;1740;1;2;1;1.0;3;650;20 bis, MONTESSON (ROUTE;;;;780
201300035806;13;2;8;1235;1;2;1;2.0;6;191;8 RUE DE LA GARE;;;;790
201300035813;13;9;20;720;3;2;1;2.0;5;191;ROUTE DE COULONGES;;;;790
201300035819;13;12;4;25;3;1;1;1.0;7;191;ROUTE DE PARIS;;;;790
201300035826;13;6;24;1250;1;2;3;1.0;7;191;73 RUE DES SABLIERES;;;;790
201300035828;13;8;10;1715;1;2;1;1.0;6;191;12 QUAI DE REGRATTERIE;;;;790
201300035845;13;6;5;1035;1;2;1;1.0;3;329;11 RUE ERNEST PEROCHON;;;;790
201300035848;13;6;30;820;1;2;1;1.0;7;329;55 AV. VICTOR LECLERC;;;;790
201300035860;13;11;6;1335;1;2;2;1.0;3;329;RP DU 19 MARS 1962;;;;790
201300035865;13;12;18;1335;1;2;6;1.0;3;1;RUE JEAN JAURES;M;5010406.0;182794.0;800
201300035874;13;9;18;1645;1;2;3;1.0;3;1;24, JEAN JAURES;M;5010350.0;182620.0;800
201300035880;13;1;8;1830;5;2;3;1.0;3;21;RUE ANDRE CHENIER;M;4987790.0;228934.0;800
201300035887;13;1;16;1630;1;2;3;1.0;3;21;AVENUE GENERAL FOY;M;4989242.0;228442.0;800
201300035890;13;1;25;1340;1;2;1;1.0;2;21;AVENUE ROGER DUMOULIN;;;;800
201300035894;13;2;4;1850;5;2;2;1.0;3;21;RUE FLATTERS;M;4989618.0;230007.0;800
201300035912;13;3;4;1805;1;2;2;1.0;3;21;RUE ANDRE CHENIER;M;4987761.0;228637.0;800
201300035920;13;3;18;2115;5;2;2;2.0;3;21;RUE DE LA RESISTANCE;M;4989788.0;229548.0;800
201300035935;13;4;12;1425;1;2;1;1.0;3;21;36,BOULEVARD DE BELFORT;M;4988857.0;230399.0;800
201300035937;13;4;15;830;1;2;6;1.0;3;725;AVENUE LAENNEC;;;;800
201300035946;13;4;18;1635;1;2;6;1.0;3;379;AVENUE PHILEAS FOGG;M;4986286.0;237755.0;800
201300035954;13;5;10;1130;1;2;3;1.0;3;21;RUE DES BONNARDS;M;4990149.0;230649.0;800
201300035956;13;5;14;1650;1;2;1;1.0;6;21;2,PORT D' AMONT;M;4989535.0;230632.0;800
201300035963;13;5;24;1650;1;2;1;1.0;3;21;380,RUE D' ABBEVILLE;;;;800
201300035964;13;5;27;1630;1;2;3;1.0;3;489;115,RUE JEAN JAURES;M;4986802.0;235539.0;800
201300035967;13;6;3;1755;1;2;1;1.0;2;21;1,ALLEE DE COTE D'AZUR;M;4991457.0;225605.0;800
201300035968;13;6;4;1235;1;2;1;1.0;3;21;4,AVENUE JULES VALLES;M;4991576.0;224808.0;800
201300035975;13;6;10;850;1;2;3;1.0;3;21;RUE SAINT LEU;M;4989620.0;230008.0;800
201300035977;13;6;11;930;1;2;1;1.0;2;21;ESPL EDOUARD BRANLY;M;4989015.0;229018.0;800
201300035987;13;6;25;1330;1;2;1;1.0;6;21;151,CHAUSSE SAINT PIERRE;M;4990360.0;230688.0;800
201300036013;13;8;10;140;5;2;1;1.0;6;21;55,RUE VANMARCKE;M;4989603.0;230366.0;800
201300036016;13;8;20;1818;1;2;1;1.0;3;21;RUE POINTIN;M;4988551.0;231168.0;800
201300036022;13;8;27;1420;1;2;3;1.0;3;21;BD MAIGNAN LARIVIERE;M;4989032.0;229089.0;800
201300036023;13;8;31;1915;1;2;3;1.0;3;21;PLACE LEON DEBOUVERIE;M;4989452.0;229573.0;800
201300036025;13;9;2;845;1;2;6;1.0;3;21;AV. PIERRE MENDES FRANCE;M;4989871.0;229024.0;800
201300036031;13;9;4;1903;1;2;1;1.0;3;489;RUE DE CAMON;M;4987653.0;235148.0;800
201300036043;13;9;19;750;1;2;1;1.0;3;21;BOULEVARD DE BELFORT;M;4988859.0;230306.0;800
201300036059;13;10;8;950;1;2;5;1.0;3;21;BD CHATEAUDUN;M;4988387.0;228245.0;800
201300036060;13;10;8;1650;1;2;1;1.0;6;21;PLACE RENE GOBLET;M;4989153.0;230264.0;800
201300036102;13;12;11;1340;1;2;1;1.0;3;21;RUE D' AUSTRALIE;M;4990492.0;227347.0;800
201300036143;13;2;21;1900;5;2;1;1.0;6;163;XXX, FOCH;;;;810
201300036147;13;7;1;1900;1;2;1;1.0;2;21;XXX, CD 612;;;;810
201300036148;13;8;4;1750;1;2;2;1.0;3;163;xxx, GUYNEMER (GEORGES);;;;810
201300036179;13;3;11;1250;1;1;3;7.0;3;121;NC, VIGNARNAUD (ROUTE DE;;;;820
201300036198;13;8;27;1753;1;2;2;1.0;3;121;NC, FONNEUVE (AVENUE DE);;;;820
201300036199;13;8;28;1810;1;2;1;1.0;3;121;970, TOULOUSE (AVENUE DE;;;;820
201300036204;13;9;25;1030;1;2;2;7.0;3;121;NC, GUIBERT (PLACE);;;;820
201300036220;13;10;31;1745;2;2;1;1.0;6;121;10, GARRISSON (BOULEVARD;;;;820
201300036228;13;1;14;1055;1;1;1;1.0;1;50;2185, GRASSE(AVENUE DE);;;;830
201300036242;13;8;12;1620;1;1;1;1.0;2;141;RD 1555 (DRAGUIGNAN/ LE;;;;830
201300036263;13;3;28;1050;1;2;1;2.0;6;118;AVENUE DU GRATADIS;;;;830
201300036273;13;5;31;720;1;2;1;1.0;6;61;111, RUE VAUVENARGUES;M;4338727.0;672241.0;830
201300036287;13;8;2;825;1;1;1;1.0;1;61;D7;;;;830
201300036292;13;8;28;1047;1;2;1;1.0;3;61;ROND-POINT DE L'AERON;;;;830
201300036296;13;9;25;1150;1;1;9;1.0;3;61;RN7;;;;830
201300036314;13;1;6;1750;2;1;3;1.0;3;69;FRONT DE MER (BOULEVARD);;;;830
201300036315;13;1;16;2115;5;2;6;1.0;3;69;BEAUREGARD (AV ANDREE-DA;M;4311763.0;612630.0;830
201300036321;13;4;1;1700;2;2;3;2.0;3;69;PEUPLIERS ( RUE DES );M;4312395.0;611184.0;830
201300036335;13;6;23;1400;1;1;3;1.0;3;69;FRONT DE MER (BOULEVARD);;;;830
201300036344;13;8;23;1830;1;1;3;1.0;3;69;FRONT DE MER (BOULEVARD);;;;830
201300036352;13;11;24;850;1;2;3;1.0;3;69;GIENS (ROUTE DE );;;;830
201300036365;13;6;5;1450;1;2;1;1.0;3;129;LERY (BOULEVARD DE);M;4311320.0;584787.0;830
201300036369;13;6;13;835;1;2;1;1.0;3;123;357, GARE (ROUTE);;;;830
201300036372;13;7;19;830;1;2;3;1.0;3;129;1, CAPITAINERIE DU PORT;;;;830
201300036373;13;7;20;1800;1;2;1;1.0;1;129;601, DE LATTRE DE TASSIG;;;;830
201300036377;13;8;6;1045;1;2;1;1.0;3;123;431, GARE (ROUTE);;;;830
201300036378;13;8;10;435;5;2;1;1.0;1;129;MER (AVENUE DE LA);;;;830
201300036384;13;10;2;855;1;2;1;1.0;3;129;394, MER (AVENUE DE LA);;;;830
201300036392;13;11;26;1015;1;2;1;1.0;1;129;COUDOULIERE (LA);;;;830
201300036398;13;12;26;1755;5;2;6;6.0;3;129;TRAITE DE L'ELYSEE (ROND;;;;830
201300036421;13;6;1;1210;1;2;1;1.0;3;126;ALLENDE (AV. SALVADOR);;;;830
201300036423;13;7;11;1315;1;2;1;1.0;1;126;800, RENOIR (AV AUGUSTE);;;;830
201300036431;13;8;30;1820;1;2;1;1.0;3;126;Pablo Neruda;;;;830
201300036438;13;9;27;1936;1;2;3;1.0;5;126;0, FABREGAS (CHEMIN DE);M;4307508.0;587604.0;830
201300036458;13;1;28;1625;1;2;1;1.0;3;137;PICOT (AVE DU COLONEL);;;;830
201300036539;13;5;28;745;1;2;2;8.0;3;137;LAINDET LALONDE (RUE);M;4312104.0;593524.0;830
201300036565;13;6;24;750;1;2;1;1.0;3;137;298, FABRE (BD HENRI);M;4311865.0;594487.0;830
201300036589;13;8;1;1205;1;2;1;1.0;3;98;MONET (RUE JEAN);M;4310919.0;603103.0;830
201300036611;13;8;27;1145;1;1;1;1.0;3;90;2128, MONNET (AVE JEAN);;;;830
201300036612;13;9;2;5;5;2;9;1.0;2;62;HOUOT (AVENUE CDT);;;;830
201300036660;13;10;18;1430;1;1;1;1.0;3;62;UNIVERSITE (avenue);M;4313717.0;600596.0;830
201300036712;13;12;20;1705;5;2;1;1.0;3;90;CAGNARDE (ROND POINT DE;;;;830
201300036742;13;6;17;1002;1;2;1;1.0;3;7;C.De GAULLE (Rocade).;;;;840
201300036746;13;7;12;1203;1;2;1;1.0;3;7;ISLON (Chemin de l');;;;840
201300036764;13;10;17;700;3;1;1;1.0;1;7;PALIERE (ALLEE);;;;840
201300036767;13;10;16;825;1;2;1;1.0;5;7;100, MONTFAVET (Route);;;;840
201300036772;13;12;5;1030;1;2;1;1.0;6;7;42, JAURES (Cours Jean);;;;840
201300036779;13;6;5;1005;1;1;9;1.0;3;31;MAZAN ROUTE DE;;;;840
201300036799;13;11;6;1320;1;2;6;1.0;1;35;DE LATTRE DE TASSIGNY (C;;;;840
201300036800;13;11;11;1415;1;2;1;1.0;1;35;CHEVAL BLANC (AVENUE DE);;;;840
201300036816;13;3;20;1140;1;2;2;1.0;6;191;RUE HENRI AUCHER;M;4665846.0;-144118.0;850
201300036819;13;5;14;1210;1;2;3;1.0;3;191;BOULEVARD D'ANGLETERRE;;;;850
201300036822;13;6;16;1740;1;1;3;1.0;6;191;CHEMIN DU PRE MERLE;M;4665911.0;-147668.0;850
201300036835;13;11;29;900;1;2;3;1.0;3;191;BOULEVARD LAVOISIER;M;4666003.0;-144064.0;850
201300036844;13;3;5;1330;1;2;1;1.0;6;194;23 RUE MAXIME BUDAIL;M;4650184.0;-177447.0;850
201300036859;13;8;1;1046;1;2;1;1.0;6;194;68 RUE JOSEPH BENATIER;M;4650318.0;-179906.0;850
201300036860;13;8;4;945;1;2;2;1.0;3;194;QUAI JULES DINGLER;M;4649589.0;-179476.0;850
201300036865;13;9;15;1615;1;2;1;1.0;6;194;RUE GUY MIGNONNEAU;M;4649445.0;-177280.0;850
201300036867;13;10;4;1600;1;2;6;1.0;3;194;ROND POINT DU D CHARCOT;;;;850
201300036877;13;11;22;1400;1;2;1;1.0;6;194;37 AVENUE JEAN JAURES;;;;850
201300036883;13;11;6;1200;1;2;1;1.0;1;194;RUE NATIONALE;M;4649594.0;-177768.0;850
201300036894;13;6;20;1610;1;2;1;8.0;2;66;57, RIPAULT AVENUE LOUIS;;;;860
201300036897;13;9;9;1405;1;2;1;1.0;6;66;Avenue Jean MOULIN;;;;860
201300036933;13;3;11;1100;1;2;6;1.0;3;194;RUE JEAN CARBONNIER;;;;860
201300036936;13;3;19;1310;1;2;6;2.0;3;158;., LOGE (AVENUE DE LA);;;;860
201300036937;13;3;26;1725;1;2;2;1.0;3;194;., TRAMWAYS DEPARTEMENTA;;;;860
201300036945;13;4;6;1;5;2;3;1.0;3;194;TISON (BOULEVARD);;;;860
201300036965;13;5;23;1330;1;2;6;1.0;3;194;., NORTHAMPTON (AVENUE D;;;;860
201300036970;13;6;5;1830;1;2;3;1.0;3;194;., NIMEGUE (RUE DE);;;;860
201300036979;13;6;26;910;1;2;2;1.0;2;194;EUROPE (AVENUE DE L');;;;860
201300036992;13;7;23;1232;1;2;3;2.0;3;194;IASSY (AVENUE DE);;;;860
201300037005;13;8;21;805;1;2;3;1.0;3;41;39, DEUX COMMUNES (RUE D;;;;860
201300037006;13;8;21;1605;1;2;2;1.0;6;194;2, INTENDANT LE NAIN (RU;;;;860
201300037011;13;9;1;2110;5;2;1;1.0;6;194;1, MONTAIGNE (RUE);;;;860
201300037012;13;9;3;1725;1;2;1;1.0;3;194;85, LIBERATION (AVENUE D;;;;860
201300037033;13;10;1;1920;2;2;1;1.0;6;194;57, GANTERIE (RUE DE LA);;;;860
201300037040;13;10;16;1710;1;2;2;1.0;3;194;BOULEVARD  PONT JOUBERT;;;;860
201300037099;13;1;10;214;5;2;1;1.0;2;85;2, BAUDIN ( AVENUE) (VC);;;;870
201300037120;13;2;6;1602;1;2;1;2.0;3;85;0, BETOULLE (PLACE LEON);;;;870
201300037155;13;4;5;1712;1;2;1;1.0;3;85;53, REVOLUTION (AVENUE D;;;;870
201300037183;13;5;17;1805;1;2;1;1.0;6;85;24, BEL AIR (BOULEVARD D;;;;870
201300037239;13;7;6;1001;1;1;3;1.0;1;48;0, NEXON (ROUTE DE);;;;870
201300037321;13;9;25;1523;1;2;3;1.0;3;85;84, PERRIN (RUE FRANCOIS;;;;870
201300037322;13;9;25;1949;2;2;3;1.0;6;85;24, PISSARO (RUE CAMILLE;;;;870
201300037334;13;10;4;1530;1;2;1;1.0;6;85;87, BAC (RUE THEODORE);;;;870
201300037358;13;11;11;1109;1;2;3;1.0;3;85;0, VEYRAC (RUE DE);;;;870
201300037359;13;11;14;1250;1;2;1;1.0;6;85;15, AINE (PLACE D');;;;870
201300037381;13;12;2;1725;1;2;1;1.0;3;75;RD79;;;;870
201300037394;13;12;19;1452;1;2;1;1.0;6;75;14, CORNUE (RUE DE LA);;;;870
201300037423;13;6;30;1005;1;2;1;1.0;6;160;1048.17849, GAULLE (AV.;M;4817849.0;644188.0;880
201300037429;13;8;7;1647;1;2;4;1.0;3;160;0, ROUX (RUE DU PROFESSE;M;4818359.0;643801.0;880
201300037433;13;10;30;820;1;2;1;1.0;6;160;2, SEROT (Q. COLONEL-);M;4817588.0;644985.0;880
201300037438;13;11;28;1940;5;2;6;5.0;3;160;0, SAINT-DIE (AV. DE);M;4818397.0;646727.0;880
201300037447;13;7;15;1430;1;1;1;1.0;3;462;, Route de G?rardmer;M;4802836.0;651508.0;880
201300037450;13;8;17;1115;1;2;1;1.0;3;383;26, Route de Bussang;M;4800429.0;661274.0;880
201300037454;13;11;29;1455;1;1;1;1.0;6;429;19, faubourg de Remiremo;M;4802502.0;658388.0;880
201300037477;13;3;19;750;1;2;2;1.0;3;24;HAUSSMANN (AVENUE);M;4781491.0;357315.0;890
201300037501;13;9;3;1745;1;2;2;1.0;3;342;0, PIERRE RENARD (RUE);M;4822953.0;326710.0;890
201300037502;13;8;21;1445;1;2;1;1.0;3;387;0, CHESTER (ROND POINT);M;4820830.0;327678.0;890
201300037507;13;10;15;955;1;2;1;2.0;1;387;0, BOUTOURS (CHEMIN DES);;;;890
201300037508;13;10;29;1420;1;2;2;1.0;2;338;9, REPUBLIQUE (RUE DE LA;;;;890
201300037541;13;3;6;1650;1;2;1;1.0;2;10;LAURENCIE (AVENUE CAPITA;;;;900
201300037552;13;4;15;758;1;2;7;1.0;3;10;TROIS CHENES (AVENUE DES;;;;900
201300037561;13;5;2;715;1;2;1;1.0;7;10;DUBAIL (BOULEVARD);;;;900
201300037570;13;5;14;2145;5;2;3;1.0;1;10;BONNEFF (RUE MARCEL);;;;900
201300037577;13;5;31;1915;1;2;2;2.0;3;10;FONTAINE (RUE JEAN DE LA;;;;900
201300037580;13;6;6;1752;1;2;2;1.0;1;10;2, CROIX DU TILLEUL (RUE;;;;900
201300037582;13;6;12;1600;1;2;1;1.0;6;10;21, MULHOUSE (RUE DE);;;;900
201300037590;13;6;20;1034;1;2;1;1.0;3;10;2, DE GAULLE (AVENUE DU;;;;900
201300037597;13;7;5;705;1;2;1;1.0;3;10;LYON (FAUBOURG DE);;;;900
201300037614;13;8;4;1915;1;2;1;1.0;6;99;1, MONCEAU (RUE DU);;;;900
201300037639;13;10;10;1439;1;2;3;1.0;1;10;1, CARRIERES (RUE DES);;;;900
201300037641;13;10;14;1710;1;2;1;1.0;6;10;LECLERC (AVENUE);;;;900
201300037645;13;11;7;1336;1;2;2;1.0;6;10;NOTRE DAME (IMPASSE);;;;900
201300037683;13;3;7;1610;1;2;1;1.0;3;103;CD 19;;;;910
201300037703;13;6;1;1250;1;2;1;1.0;3;103;ORVES ESTIENNES (RUE D');;;;910
201300037724;13;9;7;1830;1;2;1;1.0;3;103;20, CAMUS ALBERT (RUE);;;;910
201300037726;13;9;13;1145;1;2;6;2.0;3;103;DE GAULLE   (AVENUE DU G;;;;910
201300037769;13;10;19;1720;1;2;1;1.0;3;27;MITTERAND (AVENUE FRANCO;;;;910
201300037777;13;1;4;1000;1;2;1;1.0;3;97;ROCHOPT (RUE);;;;910
201300037823;13;10;2;1735;1;2;1;1.0;1;114;VICTOR HUGO (Av);;;;910
201300037825;13;10;13;1420;1;2;6;1.0;2;114;WITTLICH (ROND POINT);;;;910
201300037841;13;12;24;1700;5;2;6;1.0;3;114;WITTLICH (ROND POINT);;;;910
201300037844;13;10;12;1600;1;2;3;1.0;3;174;51, JOHN KENNEDY (BOULEV;;;;910
201300037895;13;11;21;830;1;2;1;1.0;2;174;84, BOURGOIN(QUAI);;;;910
201300037898;13;1;6;1230;1;2;1;8.0;2;201;HENRI BARBUSSE (AVENUE);;;;910
201300037902;13;2;1;1400;1;2;1;2.0;3;657;COTE D'OR (RUE DE LA);;;;910
201300037904;13;2;5;730;3;2;2;2.0;3;657;PASTEUR (RUE);;;;910
201300037982;13;1;16;1232;1;2;1;1.0;3;223;BRIERES LES SCELLES (;;;;910
201300038002;13;3;27;1415;1;2;1;1.0;7;433;AUVERS (RUE D');;;;910
201300038009;13;6;3;1945;1;2;1;1.0;2;223;GENERAL ROMANET (PLACE;;;;910
201300038019;13;7;15;1740;1;2;6;1.0;5;223;SABLIERE (RUE)   Z I;;;;910
201300038025;13;7;28;1740;1;2;1;1.0;7;223;SAINT MARTIN (RUE;;;;910
201300038039;13;9;23;1422;1;2;3;1.0;3;223;1, BONNEVAUX (AVENUE DE);;;;910
201300038072;13;3;16;1305;1;2;1;1.0;2;521;LIBERATION (AVENUE DE LA;;;;910
201300038182;13;7;23;1215;1;2;1;1.0;6;377;PREMIER MAI (BOULE;;;;910
201300038208;13;4;12;930;1;2;6;1.0;3;691;Rond-point du Maréchal d;;;;910
201300038211;13;4;21;1240;1;2;6;1.0;2;691;HUIT MAI 1945 (PLACE DU);;;;910
201300038213;13;5;14;1905;1;1;1;1.0;1;421;BAC D'ABLON (RUE DU);;;;910
201300038233;13;7;19;1520;1;2;1;1.0;2;691;JEAN JAURES (AVENUE);;;;910
201300038251;13;10;15;1210;1;2;1;1.0;2;421;ROUVRES (RUE DE);;;;910
201300038261;13;11;15;1520;1;2;1;1.0;3;691;RESISTANCE(AVENUE);;;;910
201300038270;13;12;17;805;5;2;1;1.0;2;421;GRANGE (RUE DE LA);;;;910
201300038309;13;5;12;1140;1;1;1;1.0;3;64;VERSAILLES (ROUTE DE);;;;910
201300038319;13;5;27;1858;1;2;1;1.0;1;692;GUYENNE (AVENUE);;;;910
201300038326;13;5;29;900;1;2;1;1.0;1;64;21, PARIS (RUE DE);;;;910
201300038327;13;6;9;1055;1;2;1;1.0;2;64;GISY (ROUTE, JUSQU'A BUR;;;;910
201300038334;13;7;13;1020;1;2;1;1.0;6;64;PARIS (RUE DE);;;;910
201300038362;13;12;3;825;1;2;2;1.0;3;471;EPI D OR (AVENUE DE L;;;;910
201300038378;13;6;25;1950;1;2;2;1.0;3;549;VICTOR BASCH (RUE);;;;910
201300038427;13;7;9;1600;1;2;1;1.0;3;589;CD 25;;;;910
201300038462;13;3;28;920;1;2;1;1.0;6;2;227, DIVISION LECLERC (5;;;;920
201300038478;13;7;23;415;5;2;2;1.0;6;2;55, ARISTIDE BRIAND (AVE;;;;920
201300038482;13;9;4;930;1;2;3;1.0;3;2;DOCTEUR TENINE (AVENUE D;;;;920
201300038485;13;9;24;830;1;2;1;1.0;2;2;ADOLPHE PAJEAUD (RUE);;;;920
201300038507;13;2;20;1600;1;2;2;1.0;3;4;NS, DIX HUIT JUIN 40 ( R;;;;920
201300038520;13;4;5;905;1;2;2;1.0;3;4;NS, ARGENTEUIL N? 176 A;;;;920
201300038543;13;6;6;815;1;2;1;1.0;1;9;30, BOURGUIGNONS ( RUE 0;;;;920
201300038549;13;5;31;1910;1;2;1;1.0;6;4;62, VOLTAIRE ( BD );;;;920
201300038551;13;6;21;2120;1;2;1;1.0;3;4;65, MARNE   ( AVENUE DE;;;;920
201300038552;13;6;22;1130;1;2;1;1.0;6;4;22, HENRI POINCARE;;;;920
201300038553;13;6;27;2000;1;2;2;1.0;3;4;216, ARGENTEUIL N? 176 A;;;;920
201300038578;13;9;13;25;5;2;1;1.0;3;4;ns, BAS ( RUE DES );;;;920
201300038598;13;10;21;1100;1;2;1;1.0;6;4;2, COMETE  ( RUE DE LA );;;;920
201300038618;13;11;8;1730;1;2;1;1.0;6;9;131, PIERRE JOIGNEAU ( R;;;;920
201300038625;13;12;13;820;1;2;1;1.0;3;9;167, VICTOR HUGO ( RUE );;;;920
201300038629;13;12;17;1308;1;2;1;1.0;3;4;30, BRETAGNE ( RUE DE );;;;920
201300038648;13;5;27;1400;1;2;1;1.0;2;7;33, BARBUSSE (AVENUE HEN;;;;920
201300038667;13;10;18;1700;1;2;3;1.0;2;7;BRIAND (AVENUE ARISTIDE);;;;920
201300038695;13;2;10;2210;5;2;3;2.0;3;12;BILLANCOURT (RUE DE) 106;;;;920
201300038715;13;3;14;1815;1;2;1;1.0;3;12;71, JEAN BAPTISTE CLEMEN;;;;920
201300038798;13;7;23;1150;1;2;4;1.0;3;12;PONT DE SEVRES (ROND POI;;;;920
201300038859;13;11;2;1515;1;2;1;2.0;3;12;3, GALLIENI (RUE) 1/53 -;;;;920
201300038869;13;11;19;1835;5;2;2;1.0;6;12;REPUBLIQUE (BOULEVARD DE;;;;920
201300038870;13;11;19;1845;5;2;2;2.0;3;12;POINT DU JOUR (RUE DU);;;;920
201300038925;13;10;10;1710;1;2;1;1.0;3;71;1, CAUCHY (AVENUE);;;;920
201300038953;13;2;6;1825;5;2;1;2.0;3;60;138, RESISTANCE (AVENUE;;;;920
201300038964;13;3;5;1705;1;2;1;1.0;3;23;., PORTE DE TRIVAUX (RUE;;;;920
201300038965;13;3;19;1900;5;2;3;3.0;3;23;PORTE DE TRIVAUX (RUE DE;;;;920
201300038989;13;6;26;1855;1;2;2;1.0;3;60;0, PAUL LANGEVIN (AVENUE;;;;920
201300039022;13;10;17;1040;1;2;3;1.0;3;23;GROUX (IMPASSE DES);;;;920
201300039049;13;12;18;1455;1;2;1;1.0;6;23;CLAUDE TREBIGNAUD (AVENU;;;;920
201300039050;13;12;16;1746;2;2;1;1.0;3;23;CLAUDE TREBIGNAUD (AVENU;;;;920
201300039065;13;1;11;1350;1;2;1;1.0;6;24;80, MARTRE (RUE) DE (59;;;;920
201300039068;13;2;22;1400;1;2;3;1.0;1;24;200, CLICHY (QUAI DE) DE;;;;920
201300039085;13;4;10;1510;1;2;3;1.0;6;24;103, JEAN JAURES (BD) DE;;;;920
201300039086;13;3;24;1340;1;2;1;1.0;2;24;58, CLICHY (QUAI DE) DE;;;;920
201300039088;13;4;19;930;1;2;1;1.0;2;24;76, VICTOR HUGO (BD);;;;920