Num_Acc;an;mois;jour;hrmn;lum;agg;int;atm;col;com;adr;gps;lat;long;dep
201300039113;13;7;19;2330;5;2;1;1.0;6;24;28, LANDY (RUE DU) DE (1;;;;920
201300039119;13;8;1;1840;1;2;1;1.0;6;24;86, MARTRE (RUE) DE (59;;;;920
201300039125;13;9;4;1520;1;2;2;1.0;3;24;95, VICTOR HUGO (BD);;;;920
201300039151;13;12;4;1350;1;2;2;1.0;6;24;CLICHY (QUAI DE) DE (8 A;;;;920
201300039154;13;12;9;835;2;2;2;1.0;3;24;46, HENRI BARBUSSE (RUE);;;;920
201300039168;13;3;14;1006;1;2;1;1.0;6;25;29, GABRIEL PERI (RUE);;;;920
201300039178;13;4;24;710;1;2;1;1.0;3;25;00, STALINGRAD (AV DE);;;;920
201300039190;13;6;9;1800;1;2;1;1.0;6;25;00, HENRI NEVEU (PLACE);;;;920
201300039191;13;6;16;500;5;2;2;1.0;3;25;1, GABRIEL PERI (RUE);;;;920
201300039197;13;6;25;2045;1;2;1;1.0;6;25;40, HENRI LITTOLFF N? PA;;;;920
201300039200;13;7;12;800;1;2;1;1.0;3;25;1-3, C.DE G.> 130 & 1103;;;;920
201300039201;13;7;12;1815;1;2;1;1.0;2;25;00, TILLEULS (RUE DES);;;;920
201300039212;13;9;3;1250;1;2;1;1.0;2;25;55, BOURNARD (RUE DU);;;;920
201300039231;13;11;7;1925;5;2;1;1.0;6;25;508, GABRIEL PERI (RUE);;;;920
201300039237;13;11;19;855;1;2;1;1.0;3;25;118, STALINGRAD (AV DE);;;;920
201300039246;13;11;29;1100;1;2;1;1.0;3;25;14, PAUL BERT (RUE);;;;920
201300039252;13;12;4;2225;4;2;3;1.0;3;25;0, AGENT SARRE (AV DE L';;;;920
201300039253;13;12;5;815;5;2;1;1.0;3;25;CHAMPAR<> 1 A 139 & 2 A;;;;920
201300039254;13;12;10;915;1;2;2;1.0;6;25;0, CHARLES DE GAULLE (BD;;;;920
201300039262;13;12;19;1710;2;2;3;1.0;3;25;00, ESTIENNE D'ORVES (RU;;;;920
201300039275;13;2;17;1230;1;2;1;1.0;7;26;15, MARECHAL JOFFRE (QUA;;;;920
201300039287;13;4;9;1150;1;2;1;2.0;2;26;212, SAINT DENIS BD (120;;;;920
201300039308;13;6;12;805;1;2;6;1.0;3;26;JEAN MERMOZ (SQUARE ET P;;;;920
201300039314;13;7;1;2355;3;2;3;1.0;3;26;VERDUN (DE 62 A FIN);;;;920
201300039327;13;8;22;1035;1;2;3;1.0;2;26;COLOMBES;;;;920
201300039342;13;9;20;1325;1;2;1;8.0;3;26;77, CAPITAINE GUYNEMER;;;;920
201300039348;13;10;2;1500;1;2;3;1.0;2;26;66, JOFFRE ( DE 52 A FIN;;;;920
201300039371;13;12;27;1650;1;2;1;1.0;3;26;38, ETUDIANTS;;;;920
201300039431;13;4;13;2130;1;2;3;1.0;7;36;0, LOUIS ROCHE (AVENUE);;;;920
201300039439;13;5;27;1430;1;2;1;1.0;6;36;28, PIERRE TIMBAUD (RUE);;;;920
201300039460;13;7;29;1935;1;2;1;1.0;6;36;163, LOUIS ROCHE (AVENUE;;;;920
201300039462;13;8;13;630;1;2;1;1.0;6;36;137, GABRIEL PERI (AVENU;;;;920
201300039467;13;9;3;1935;1;2;1;7.0;3;36;10, LOUVRESSES (AVENUE);;;;920
201300039514;13;3;22;1630;1;2;2;1.0;6;40;12, REPUBLIQUE (AVENUE D;;;;920
201300039525;13;2;20;830;1;2;1;1.0;3;40;1, ETIENNE DOLET;;;;920
201300039532;13;4;18;1230;1;2;1;1.0;3;40;2, GAMBETTA (BOULEVARD);;;;920
201300039533;13;4;18;2015;2;2;1;1.0;2;40;41, GENERAL DE GAULLE (A;;;;920
201300039539;13;6;12;1030;1;2;1;1.0;6;40;xx, VICTOR CRESSON (AVEN;;;;920
201300039540;13;6;16;1815;1;1;1;1.0;2;40;11, GENERAL LECLERC (DU);;;;920
201300039546;13;7;15;2005;1;2;1;1.0;3;40;58, EGALITE ( DE L');;;;920
201300039550;13;8;1;1230;1;2;1;1.0;2;40;161, JEAN JACQUES ROUSSE;;;;920
201300039556;13;9;9;2030;5;2;2;8.0;3;40;xx, GENERAL LECLERC;;;;920
201300039580;13;11;18;1730;5;2;1;1.0;3;40;35, VICTOR CRESSON (AVEN;;;;920
201300039582;13;12;2;1900;5;2;1;1.0;6;40;6 bis, QUATRE SEPTEMBRE;;;;920
201300039601;13;2;5;1240;1;2;2;1.0;3;44;113, JEAN JAURES(RUE)101;;;;920
201300039645;13;9;9;1740;1;2;2;2.0;3;44;86, PDT WILSON(RUE) 2A24;;;;920
201300039683;13;5;3;910;1;2;1;1.0;6;48;12, PEPINIERE (RUE DE LA;;;;920
201300039687;13;6;3;1030;1;2;1;1.0;6;48;12, PEPINIERE (RUE DE LA;;;;920
201300039700;13;8;1;1800;1;1;1;1.0;7;48;., TRIVAUX (AVENUE DE) N;;;;920
201300039703;13;10;18;1740;1;2;2;1.0;2;48;., LE CORBEILLER (AVENUE;;;;920
201300039712;13;12;16;1940;5;2;1;1.0;7;48;02, VERRERIE (RUE DE LA);;;;920
201300039750;13;3;20;1430;1;2;3;1.0;3;49;43, REPUBLIQUE AVENUE DE;;;;920
201300039757;13;3;28;1800;1;2;1;1.0;3;49;56, BRIAND AVENUE ARISTI;;;;920
201300039761;13;4;3;1625;1;2;1;1.0;6;20;12, VANVES BOULEVARD DE;;;;920
201300039763;13;4;9;1140;1;2;1;1.0;7;49;48, CARVES RUE;;;;920
201300039772;13;5;5;1230;1;2;2;1.0;3;49;53, BRIAND AVENUE ARISTI;;;;920
201300039802;13;6;27;900;1;2;1;1.0;6;49;67, BRIAND AVENUE ARISTI;;;;920
201300039811;13;9;7;1325;1;2;3;1.0;3;20;EXUPERY AVENUE SAINT;;;;920
201300039814;13;9;21;1920;1;2;1;1.0;6;49;5, DORMOY AVENUE MARX N?;;;;920
201300039815;13;9;21;1115;1;2;1;1.0;1;20;BROSSOLETTE RUE PIERRE A;;;;920
201300039821;13;10;4;910;1;2;1;1.0;6;20;29, DIVISION LECLERC AVE;;;;920
201300039839;13;11;28;2045;5;2;1;1.0;6;20;PARIS AVENUE DE N? IMPAI;;;;920
201300039858;13;1;29;905;1;2;2;2.0;7;50;ARAGO FRANCOIS AVENUE;;;;920
201300039862;13;2;7;1800;1;2;1;1.0;3;50;173, JOILIOT CURIE F. ET;;;;920
201300039882;13;4;18;935;1;2;1;1.0;3;50;47, HAVRE BOULEVARD DU;;;;920
201300039894;13;5;19;1315;1;2;1;8.0;3;50;56, LIBERTE AVENUE DE LA;;;;920
201300039895;13;5;29;1010;1;2;1;8.0;7;50;PICASSO PABLO AVENUE;;;;920
201300039906;13;6;13;1600;1;2;5;2.0;1;50;FUSILLES DE LA RESISTANC;;;;920
201300039924;13;7;26;615;2;2;2;1.0;3;50;CHATOU ROUTE DE;;;;920
201300039969;13;10;30;820;1;2;3;7.0;3;50;REPUBLIQUE AVENUE DE LA;;;;920
201300039983;13;11;7;1120;1;2;3;9.0;7;50;JOILIOT CURIE F. ET IREN;;;;920
201300040021;13;2;16;900;1;2;1;1.0;3;51;VICTOR HUGO (BOULEVARD,;;;;920
201300040038;13;4;24;1315;1;2;1;1.0;3;51;81, BINEAU (BOULEVARD, N;;;;920
201300040044;13;4;12;1240;1;2;1;1.0;3;51;22, INKERMANN (BOULEVARD;;;;920
201300040070;13;6;4;925;1;2;1;1.0;6;51;20, PAUL CHATROUSSE (RUE;;;;920
201300040076;13;7;22;1650;1;2;1;1.0;6;51;13, RICHARD WALLACE (BOU;;;;920
201300040085;13;7;15;2005;1;2;1;1.0;6;51;06, MAILLOT (BOULEVARD);;;;920
201300040099;13;11;14;1945;5;2;4;1.0;6;51;02, JACQUES DULUD (RUE);;;;920
201300040105;13;9;2;1310;1;2;2;1.0;6;51;36, INKERMANN (BOULEVARD;;;;920
201300040107;13;9;28;1240;1;2;3;1.0;3;51;66, BOURDON (BOULEVARD);;;;920
201300040115;13;9;24;1300;1;2;1;1.0;6;51;89, BINEAU (BOULEVARD, N;;;;920
201300040121;13;10;15;1910;2;2;1;1.0;6;51;145, ROULE (AVENUE DU, N;;;;920
201300040136;13;12;16;1515;1;2;1;1.0;6;51;36, GENERAL LECLERC (BOU;;;;920
201300040156;13;4;12;1730;1;2;1;1.0;3;62;58, DE DION BOUTON (QUAI;;;;920
201300040157;13;4;17;850;1;2;1;1.0;3;62;26/30, FRANCE (RUE ANATO;;;;920
201300040171;13;7;12;1800;1;2;1;1.0;1;62;CONTRE ALLEE GENERAL DE;;;;920
201300040183;13;10;28;1920;5;2;1;1.0;2;62;135, JAURES (RUE JEAN) D;;;;920
201300040184;13;10;31;1650;1;2;3;8.0;3;62;28, DE DION BOUTON (QUAI;;;;920
201300040191;13;11;28;1930;5;2;3;8.0;3;62;113, REPUBLIQUE (RUE DE;;;;920
201300040199;13;1;9;2000;2;2;6;2.0;3;63;n?ant, MAUPASSANT (RUE G;;;;920
201300040212;13;3;4;745;1;2;6;1.0;3;63;**********, BRU (PLACE D;;;;920
201300040217;13;3;26;1345;1;2;3;1.0;6;63;N?ant, DANTON (RUE);;;;920
201300040222;13;4;18;1610;1;2;1;1.0;7;63;N?ant, DUFAURE (RUE AMED;;;;920
201300040232;13;5;21;1710;1;2;1;1.0;7;63;4, CHAPELLE (RUE DE LA);;;;920
201300040242;13;7;4;1910;1;2;1;1.0;3;63;1, DIX-HUIT JUIN 1940 (A;;;;920
201300040243;13;7;6;1445;1;2;1;1.0;3;63;74, DOUMER (AVENUE PAUL);;;;920
201300040247;13;7;11;905;1;2;1;1.0;3;63;N?ant, TERRAY (RUE LIONE;;;;920
201300040260;13;8;22;1215;1;2;1;1.0;6;63;15 BIS, ALBERT 1ER (AVEN;;;;920
201300040267;13;9;3;1255;1;2;1;1.0;3;63;266, BONAPARTE (AVENUE N;;;;920
201300040281;13;10;21;1430;1;2;1;1.0;6;63;02, ALBERT 1ER (AVENUE);;;;920
201300040301;13;12;6;850;1;2;1;1.0;3;63;67, DIX-HUIT JUIN 1940 (;;;;920
201300040307;13;1;13;1130;1;2;9;1.0;3;64;65, MARCEL DASSAULT;;;;920
201300040351;13;6;16;1810;1;1;1;1.0;1;64;PARC SAINT CLOUD;;;;920
201300040352;13;6;18;1640;1;2;3;1.0;7;33;SYLVAIN VIGNERAS;;;;920
201300040406;13;11;13;1650;1;2;1;1.0;2;64;MONT VALERIEN;;;;920
201300040411;13;11;19;1940;5;2;1;1.0;7;64;1, pont de saint-cloud;;;;920
201300040422;13;12;29;2005;5;2;1;1.0;7;33;35, FREDERIC CLEMENT;;;;920
201300040435;13;2;13;755;1;2;2;1.0;3;72;., GRANDE RUE;;;;920
201300040446;13;4;23;1730;1;2;1;1.0;6;77;01, MARNES (RUE DE);;;;920
201300040449;13;5;7;2145;5;2;1;1.0;6;72;01, GRANDE RUE;;;;920
201300040460;13;6;16;1230;1;2;1;1.0;3;72;3, GRANDE RUE;;;;920
201300040461;13;6;22;950;1;2;1;1.0;3;22;2129, SALENGRO (AVENUE R;;;;920
201300040467;13;7;24;555;1;2;1;1.0;7;72;., FONTAINES (RUE DES);;;;920
201300040486;13;11;10;1530;1;2;3;1.0;6;77;13, DESVALLIERES (CHEMIN;;;;920
201300040488;13;11;15;805;1;2;1;2.0;3;77;01, MARNES (RUE DE);;;;920
201300040493;13;12;7;1305;1;2;2;1.0;3;77;., LAROCHE (PLACE CHARLE;;;;920
201300040517;13;4;3;1330;1;2;1;1.0;6;73;34, ROUSSEAU (RUE JEAN-J;;;;920
201300040524;13;6;1;1805;1;2;3;1.0;6;73;17, SELLIER (BOULEVARD H;;;;920
201300040545;13;10;5;2040;5;2;3;1.0;3;73;MALON (RUE BENOIT);;;;920
201300040551;13;10;23;1650;1;2;3;1.0;3;73;132, SELLIER (BOULEVARD;;;;920
201300040569;13;2;12;1530;1;2;6;1.0;3;75;., CARREFOUR DE L'INSURR;;;;920
201300040582;13;5;16;1535;1;2;3;2.0;6;46;., ETIENNE DOLET (RUE);;;;920
201300040596;13;7;29;1910;2;2;2;2.0;6;46;., CAMELINAT;;;;920
201300040605;13;9;21;625;5;2;6;1.0;7;46;., HENRI BARBUSSE (ROND;;;;920
201300040607;13;9;24;1925;2;2;1;1.0;3;75;18, Antoine Fratacci;;;;920
201300040616;13;10;12;1645;1;2;2;1.0;3;46;19, ETIENNE DOLET (RUE);;;;920
201300040621;13;11;3;1900;5;2;2;1.0;6;46;, AVAULEE (RUE);;;;920
201300040639;13;2;8;850;1;2;1;1.0;6;78;0, VERDUN (AVENUE) (PAIR;;;;920
201300040653;13;9;7;1245;1;2;2;1.0;3;78;0, CHARLES DE GAULLE (BD;;;;920
201300040696;13;1;4;1240;1;2;1;1.0;2;1;173, VICTOR HUGO (AVE);;;;930
201300040712;13;2;15;1210;1;2;1;1.0;6;1;82-84, SADI CARNOT (RUE);;;;930
201300040756;13;6;18;1950;1;2;3;1.0;3;1;130, LEOPOLD RECHOSSIERE;;;;930
201300040761;13;6;25;650;2;2;1;1.0;4;1;174, JEAN JAURES  (AVE);;;;930
201300040767;13;7;8;1340;1;2;3;1.0;6;1;ANDRE KARMAN (RUE)  138/;;;;930
201300040784;13;8;5;1820;1;2;6;1.0;2;1;BERGERIES (RUE DES);;;;930
201300040787;13;8;17;1410;1;2;2;1.0;3;1;28, CITES (RUE DES)  =>;;;;930
201300040800;13;9;25;1310;1;2;1;1.0;3;1;76, REPUBLIQUE (AVE DE L;;;;930
201300040803;13;10;2;1130;1;2;1;1.0;2;1;, FELIX FAURE (BLD)  =>;;;;930
201300040812;13;10;24;2220;5;2;3;1.0;3;1;122, VICTOR HUGO (AVE);;;;930
201300040845;13;3;25;1720;1;2;1;1.0;6;71;GENERAL LECLERC (AVENUE;;;;930
201300040861;13;5;2;1930;1;2;1;1.0;3;71;8, SAVIGNY (CHEMIN DE);;;;930
201300040870;13;2;6;1740;1;2;1;1.0;1;5;LELIEVRE (AVENUE);;;;930
201300040920;13;6;10;1910;1;2;1;1.0;3;5;GEORGES BRAQUE (BOULEVAR;;;;930
201300040921;13;6;11;1000;1;2;1;1.0;3;5;GENERAL GALLIENI (BOULEV;;;;930
201300040928;13;6;25;2100;5;2;1;1.0;1;5;EDGAR DEGAS (RUE);;;;930
201300040934;13;7;11;2000;1;2;1;1.0;3;5;04, GROS PEUPLIER (AVENU;;;;930
201300040943;13;8;18;2015;1;2;3;1.0;2;5;CHARLES GOUPPY (RUE);;;;930
201300040950;13;9;8;1810;1;2;3;1.0;3;5;JEAN CHARCOT [CD115] (RU;;;;930
201300040951;13;9;10;800;1;2;1;1.0;1;5;MOULIN DE LA VILLE (CHEM;;;;930
201300040978;13;10;23;1945;5;2;6;1.0;3;5;RAOUL DUFY (AVENUE);;;;930
201300040983;13;11;1;1740;5;2;1;2.0;2;5;01, STRASBOURG (BOULEVAR;;;;930
201300041004;13;1;14;1715;3;2;1;1.0;3;7;67, DIVISION LECLERC (AV;;;;930
201300041025;13;6;12;945;1;2;2;1.0;3;7;00, MASCOTTES (RUE DES);;;;930
201300041055;13;1;21;2000;5;2;1;2.0;3;8;144, BARBUSSE (AVENUE HE;;;;930
201300041090;13;7;4;1130;1;2;1;1.0;6;8;BERGERE (RUE DE LA);;;;930
201300041095;13;7;19;1540;1;2;1;1.0;6;8;SEMARD (RUE PIERRE);;;;930
201300041102;13;8;23;930;1;2;9;1.0;1;8;90-92, RENARD (RUE EDOUA;;;;930
201300041187;13;6;4;855;1;1;2;1.0;1;10;BAUDIN (RUE) DE 115 A FI;;;;930
201300041216;13;10;7;945;1;2;1;1.0;2;10;113 BARBUSSE (AV. HENRI;;;;930
201300041229;13;11;21;1610;1;2;1;2.0;6;10;LUTHERKING (RUE MARTIN);;;;930
201300041296;13;10;26;1425;1;2;1;1.0;3;47;4, HARDY  (BOULEVARD);;;;930
201300041310;13;8;29;1950;1;2;3;1.0;3;13;LECLERC-(AVENU DE LA DIV;;;;930
201300041312;13;1;7;1200;1;2;3;1.0;6;13;KENNEDY (AVENUE JOHN FIT;;;;930
201300041386;13;9;12;1335;1;2;2;1.0;3;27;PASTEUR (BOULEVARD) DE 1;;;;930
201300041442;13;5;25;1430;1;2;3;1.0;3;29;Charles de Gaulle ( rue);;;;930
201300041446;13;6;7;2230;5;2;1;1.0;3;29;R Abbée Pierre;;;;930
201300041468;13;10;10;1800;2;2;1;1.0;2;29;40, AMBROISE CROIZAT;;;;930
201300041479;13;11;26;1935;5;2;3;1.0;3;29;JEAN JAURES (AVENUE);;;;930
201300041492;13;1;30;845;1;2;2;2.0;3;31;00, FELIX MERLIN;;;;930
201300041535;13;7;22;1035;1;2;2;1.0;3;79;00, ROGER SALENGRO;;;;930
201300041538;13;8;5;1950;1;2;3;1.0;3;31;JARROW (AVENUE DE);;;;930
201300041593;13;6;7;1925;1;2;1;1.0;3;32;PEUPLIERS  (RUE DES);;;;930
201300041618;13;1;5;1850;5;2;1;1.0;2;63;85, BARBUSSE HENRI BOULE;;;;930
201300041642;13;3;8;930;1;2;1;8.0;3;6;123, GAMBETTA AV.;;;;930
201300041652;13;5;2;1815;1;2;1;1.0;3;6;19, VAILLONT EDOUARD RUE;;;;930
201300041680;13;8;16;1355;1;2;3;1.0;2;6;VAILLANT EDOUARD RUE;;;;930
201300041754;13;6;5;1715;1;2;1;1.0;6;46;21, ROBERT SCHUMANN BOUL;;;;930
201300041760;13;6;23;1620;1;2;2;1.0;6;46;VOLTAIRE AVENUE;;;;930
201300041766;13;7;20;1100;1;2;3;1.0;3;46;33, REPUBLIQUE AVENUE DE;;;;930
201300041782;13;9;19;930;1;2;1;1.0;3;74;33, ILE DE FRANCE RUE DE;;;;930
201300041808;13;12;10;1650;5;2;2;1.0;3;46;, VOLTAIRE AVENUE;;;;930
201300041814;13;12;18;1000;1;2;3;1.0;2;46;FONTAINE SENTE DE LA;;;;930
201300041818;13;12;29;1210;1;2;6;1.0;3;15;STRATEGIQUE ROUTE;;;;930
201300041830;13;2;28;2002;1;2;1;1.0;3;48;234, PARIS (RUE DE);;;;930
201300041842;13;4;16;1650;1;2;2;1.0;1;48;NAVOIZEAU (RUE);;;;930
201300041899;13;9;30;940;1;2;2;8.0;1;48;GABRIEL PERI (AVENUE);;;;930
201300041913;13;11;9;930;1;2;2;1.0;1;48;RESISTANCE (AVENUE DE LA;;;;930
201300041934;13;12;20;1000;1;2;1;1.0;6;48;54, PARIS (RUE DE);;;;930
201300041937;13;1;7;810;4;2;2;1.0;1;50;LOUIS VANNINI (RUE);;;;930
201300041966;13;7;3;730;1;2;3;2.0;3;50;FERDINAND BUISSON (RUE);;;;930
201300041967;13;7;7;1900;1;2;1;1.0;2;50;ROUSSILLON (RUE);;;;930
201300041981;13;9;5;740;1;2;3;1.0;3;50;VILLEMOMBLE (ROUTE);;;;930
201300041985;13;10;8;855;1;2;1;1.0;3;50;LOUIS ARMAND (RUE);;;;930
201300042023;13;5;24;1000;1;2;2;2.0;3;51;67, GABRIEL PERI (AVENUE;;;;930
201300042039;13;8;23;830;1;2;3;1.0;3;51;10, MEDERIC (AVENUE);;;;930
201300042080;13;7;2;640;1;2;6;1.0;3;53;GENERAL DE GAULLE (ROND;;;;930
201300042191;13;7;21;2030;1;2;2;7.0;3;77;0, NOISY (ROUTE DE) JUSQ;;;;930
201300042205;13;10;3;620;5;2;1;1.0;1;62;26TER, EGLISE (ALLEE DE;;;;930
201300042206;13;10;8;900;1;2;3;1.0;3;77;SANS OBJET, ROSNY (AVENU;;;;930
201300042246;13;6;8;1040;1;2;1;1.0;6;64;00, WALESA (AVENUE LECH);;;;930
201300042263;13;9;20;1415;1;1;1;1.0;6;64;00, BLUM (RUE LEON);;;;930
201300042284;13;1;10;1605;1;2;1;2.0;3;66;PARIS (PORTE);;;;930
201300042327;13;4;14;1025;1;2;1;1.0;6;66;86 WILSON (AVENUE DU PR;;;;930
201300042363;13;6;17;1630;1;2;1;1.0;3;66;"40, ""STALINGRAND (AV), N";;;;930
201300042403;13;8;15;1320;1;2;1;1.0;3;66;WILSON (AVENUE DU PRESID;;;;930
201300042407;13;8;26;1945;1;2;9;1.0;2;66;150, WILSON (AVENUE DU P;;;;930
201300042413;13;9;10;1330;1;2;1;1.0;1;66;"74, ""STALINGRAND (AV), N";;;;930
201300042430;13;10;2;1415;1;2;1;1.0;3;66;101, CASANOVA DANIELLE N;;;;930
201300042450;13;10;29;1840;3;2;1;1.0;1;66;ELUARD PAUL NR 2 A 36 ET;;;;930
201300042465;13;11;29;635;2;2;3;1.0;6;66;FRANCE ANATOLE (BOULEVAR;;;;930
201300042479;13;12;17;1815;5;2;1;1.0;3;66;78/80, WILSON (AVENUE DU;;;;930
201300042502;13;2;19;1600;1;2;1;1.0;2;70;SEINE (QUAI DE);;;;930
201300042514;13;4;17;800;1;2;1;1.0;3;70;1, PALOUZIE(RUE);;;;930
201300042525;13;6;8;2015;1;2;1;1.0;3;70;46, MATHIEU(RUE);;;;930
201300042528;13;6;17;1920;1;2;1;1.0;6;70;06, JEAN-JAURES (BD);;;;930
201300042530;13;6;19;1935;1;2;2;8.0;3;70;27, PAUL-BERT(RUE);;;;930
201300042532;13;6;22;1715;1;2;1;8.0;3;70;17 bis, BACHELET (RUE AL;;;;930
201300042539;13;7;15;1910;1;2;1;1.0;3;70;10, CAPITAINE-GLARNER (A;;;;930
201300042543;13;8;8;840;1;2;1;1.0;7;70;7 SAINT-DENIS(RUE);;;;930
201300042549;13;9;4;900;1;2;1;1.0;7;70;75 GABRIEL-PERI (AV);;;;930
201300042608;13;7;8;1500;1;2;1;1.0;3;5;EUROPE (CARREFOUR DE L');;;;930
201300042653;13;7;28;1520;1;2;3;1.0;3;59;0, ALBERT FRANCON (RUE);;;;930
201300042675;13;5;10;135;5;2;1;1.0;1;78;DELATTRE DE TASSIGNY (AV;;;;930
201300042681;13;6;20;1545;1;2;1;1.0;1;73;PAIX (AVENUE DE LA);;;;930
201300042686;13;7;6;1530;1;2;1;1.0;1;78;VAUBAN (AVENUE);;;;930
201300042688;13;7;8;800;1;2;1;1.0;3;73;62, FARMAN (RUE HENRI);;;;930
201300042716;13;9;21;2000;5;2;3;1.0;3;73;PAIX (AVENUE DE LA);;;;930
201300042723;13;10;9;1455;1;1;1;2.0;2;78;CHEMIN DEPARTEMENTAL;;;;930
201300042737;13;11;20;830;1;2;2;1.0;3;78;139, BALLANGER (BD ROBER;;;;930
201300042755;13;1;8;955;1;2;2;1.0;3;2;VICTOR HUGO (R);;;;940
201300042757;13;6;6;1900;1;2;3;1.0;3;2;EMILE ZOLA (R);;;;940
201300042759;13;1;14;2220;5;2;1;4.0;3;2;108 TER, VERON (R);;;;940
201300042772;13;9;1;1215;1;2;1;1.0;3;2;VAILLANT COUTURIER (R);;;;940
201300042778;13;4;26;945;1;2;1;1.0;6;2;92, VERON (R);;;;940
201300042791;13;11;22;1615;1;2;3;1.0;3;2;37, MARGUERITES (R DES);;;;940
201300042849;13;12;19;955;1;2;6;1.0;2;44;PIARD (R);;;;940
201300042863;13;10;3;1630;1;2;1;1.0;6;71;39, ALBERT DRU (R);;;;940
201300042870;13;4;4;815;1;2;1;1.0;3;71;GEORGES POMPIDOU (AV);;;;940
201300042874;13;4;14;1000;1;2;1;1.0;3;75;82, LIEUTENANT DAGORNO (;;;;940
201300042912;13;6;24;1950;1;2;1;1.0;2;4;ORMES (R DES);;;;940
201300042938;13;8;18;1210;1;2;1;1.0;6;75;CHEMIN DE FER (R DU);;;;940
201300042945;13;9;5;1710;1;2;4;1.0;3;4;MERCIERE (R);;;;940
201300042952;13;1;2;1105;1;2;4;1.0;3;17;BERNAU (R DE);;;;940
201300042955;13;1;5;1810;5;2;1;1.0;3;17;ROITELETS (R DES);;;;940
201300043016;13;7;8;720;1;2;2;1.0;3;17;GENERAL DE GAULLE (AV DU;;;;940
201300043020;13;7;18;1145;1;2;6;1.0;1;17;MAURICE THOREZ (AV);;;;940
201300043021;13;7;19;720;1;2;1;1.0;2;17;57, LOUIS TALAMONI (R);;;;940
201300043039;13;9;24;1700;1;2;1;1.0;3;17;STALINGRAD (BD DE);;;;940
201300043046;13;10;26;1200;1;2;1;2.0;6;17;ALBERT THOMAS (R);;;;940
201300043054;13;12;14;1845;5;2;1;1.0;6;17;, REPUBLIQUE (AV DE LA);;;;940
201300043069;13;6;30;1043;1;2;3;1.0;3;18;GRAVELLE (AV DE);;;;940
201300043097;13;5;17;1530;1;2;3;1.0;6;18;BERCY (QU DE);;;;940
201300043105;13;11;6;1700;2;2;1;1.0;6;18;115bis, PARIS (R DE);;;;940
201300043107;13;11;10;1750;5;2;3;1.0;3;69;14, CANADIENS (AV DES);;;;940
201300043154;13;5;27;1840;1;2;1;1.0;2;79;JEAN JAURES (R);;;;940
201300043177;13;7;17;800;1;2;6;1.0;3;59;JEAN CLAUDE DELUBAC (AV);;;;940
201300043178;13;7;19;2005;1;2;1;1.0;3;60;COMBAULT (RTE DE);;;;940
201300043188;13;9;7;1650;1;2;1;1.0;2;79;PIERRE SEMARD (PL);;;;940
201300043251;13;8;28;1905;1;2;2;1.0;3;54;VICTOIRE/COUTURIER;;;;940
201300043324;13;1;16;1405;1;2;3;1.0;3;28;0, GAULLE(AVENUE DU GENE;;;;940
201300043430;13;7;10;1930;1;2;1;1.0;2;28;7, GAULLE(AVENUE DU GENE;;;;940
201300043431;13;7;11;2000;1;2;1;1.0;6;28;04, PICASSO(BOULEVARD PA;;;;940
201300043456;13;9;22;1550;1;2;1;1.0;3;11;NC, COLONEL FABIEN(RUE D;;;;940
201300043474;13;10;22;815;1;2;1;1.0;6;28;0, BLEUETS(RUE DES);;;;940
201300043517;13;1;25;715;5;2;2;1.0;3;33;NEUILLY (R DE);;;;940
201300043546;13;9;11;925;1;2;1;1.0;3;33;23, NEUILLY (R DE);;;;940
201300043548;13;9;16;1720;1;2;1;2.0;3;33;36, VINCENNES (BD DE);;;;940
201300043566;13;12;4;1330;1;2;3;1.0;3;33;EMILE ZOLA (R);;;;940
201300043624;13;5;1;1210;2;2;1;1.0;2;16;1, CAMILLE DESMOULINS (R;;;;940
201300043640;13;6;10;1800;1;2;2;1.0;3;43;01, SEVERINE (R);;;;940
201300043658;13;7;9;900;1;2;2;1.0;6;3;COUTURIER/PERI;;;;940
201300043663;13;7;17;1650;1;1;9;1.0;3;43;3, STRATEGIQUE (RTE);;;;940
201300043666;13;7;19;1745;1;2;2;1.0;3;43;01, PROFESSEUR BERGONIE;;;;940
201300043682;13;9;3;1055;1;2;1;1.0;3;76;99, MAXIME GORKI (BD);;;;940