Num_Acc;an;mois;jour;hrmn;lum;agg;int;atm;col;com;adr;gps;lat;long;dep
201300043709;13;10;18;1200;1;2;1;1.0;6;76;51, KARL MARX (AV);;;;940
201300043716;13;10;23;820;1;2;1;1.0;3;43;127, FONTAINEBLEAU (AV D;;;;940
201300043735;13;11;25;1335;1;2;1;1.0;6;16;3, GASTON AUDAT (R);;;;940
201300043748;13;12;16;1050;1;2;1;7.0;3;76;21bis, JEAN BAPTISTE BAU;;;;940
201300043750;13;12;20;2030;2;2;2;1.0;3;16;1, MARCEL BONNET (R);;;;940
201300043751;13;12;20;1030;1;2;3;7.0;6;76;1, CHASTENET DE GERY (BD;;;;940
201300043763;13;2;13;2100;5;2;3;1.0;3;65;BOULEVARD CIRCULAIRE ( M;;;;940
201300043791;13;4;25;1645;1;2;3;1.0;3;73;PANHARD/COUTURIER;;;;940
201300043808;13;6;1;1630;1;2;1;1.0;3;38;GENERAL LECLERC (AV DU);;;;940
201300043814;13;6;11;1000;1;2;1;1.0;3;38;BICETRE (R DE);;;;940
201300043873;13;10;5;935;1;2;1;1.0;3;21;76, GENERAL DE GAULLE (A;;;;940
201300043897;13;11;10;1115;1;2;1;3.0;2;34;DIVISION LECLERC (AV DE;;;;940
201300043907;13;11;26;730;2;2;1;1.0;3;38;HENRI BARBUSSE (AV);;;;940
201300043947;13;6;8;1415;1;2;1;1.0;6;41;25 - 77, VERDUN (AV DE);;;;940
201300043960;13;10;24;1734;1;2;9;1.0;3;41;14, JULES VANZUPPE (R);;;;940
201300044000;13;5;25;1345;1;2;3;1.0;3;41;27, HOCHE (PAS);;;;940
201300044030;13;6;4;1415;1;2;3;1.0;3;46;GEORGES MEDERIC (R);;;;940
201300044031;13;6;8;1130;1;2;1;1.0;3;46;., GAMBETTA (AV);;;;940
201300044050;13;3;28;945;1;2;9;1.0;3;46;7quater, GENERAL DE GAUL;;;;940
201300044051;13;4;1;1645;1;2;2;1.0;3;46;., FERNET (R);;;;940
201300044079;13;12;17;1435;1;2;1;1.0;3;46;02, EUGENE RENAULT (R);;;;940
201300044125;13;4;15;2030;1;2;1;1.0;1;42;BIR HAKEIM (QU DE);;;;940
201300044126;13;4;18;800;1;2;3;1.0;3;42;ELYSEE (R DE L);;;;940
201300044151;13;7;8;1030;1;2;1;1.0;3;42;12, CANADIENS (AV DES);;;;940
201300044153;13;7;10;2230;5;2;1;1.0;3;52;2, JACQUES KABLE (R);;;;940
201300044160;13;7;21;910;1;2;1;1.0;1;58;89, ARTOIS (QU D);;;;940
201300044161;13;7;29;1742;1;2;7;1.0;3;42;GENERAL GALLIENI (AV DU);;;;940
201300044169;13;8;28;930;1;2;1;1.0;1;52;AV DE LA BELLE GABRIELLE;;;;940
201300044171;13;9;3;1730;1;2;1;7.0;6;52;23, STRASBOURG (BD DE);;;;940
201300044173;13;9;4;1830;1;1;3;1.0;3;15;1, LOUIS FERBER (QU);;;;940
201300044175;13;9;9;1000;1;2;2;8.0;3;58;PIERRE BROSSOLETTE (AV);;;;940
201300044181;13;9;17;1740;1;2;1;2.0;1;58;154 bis, PIERRE BROSSOLE;;;;940
201300044187;13;9;24;1845;1;2;1;1.0;1;52;BELLE GABRIELLE (AV DE L;;;;940
201300044188;13;10;1;1700;1;2;6;1.0;3;58;ALSACE LORRAINE (BD D);;;;940
201300044198;13;11;13;1125;1;2;2;1.0;6;58;LEDRU ROLLIN (AV);;;;940
201300044210;13;7;12;1215;1;2;1;1.0;6;68;D'ADAMVILLE KENNEDY (PL);;;;940
201300044265;13;7;3;2220;5;2;1;1.0;3;68;AV GAMBETTA;M;4879590.0;249345.0;940
201300044284;13;4;17;800;1;2;1;1.0;6;68;TILLEULS (PL DES);;;;940
201300044294;13;10;6;2005;5;2;2;1.0;3;68;PONT DE CRETEIL (R DU);;;;940
201300044295;13;5;22;1210;1;2;1;1.0;2;68;20, PONT DE CRETEIL (R D;;;;940
201300044302;13;10;3;845;1;2;1;1.0;3;68;98, CARNOT (AV);;;;940
201300044307;13;1;12;1230;1;2;2;2.0;3;77;9, VICTOR HUGO (AV);;;;940
201300044336;13;4;11;900;1;2;1;1.0;6;74;1, RU DE GIRONDE (AV DU);;;;940
201300044339;13;4;16;1605;1;2;1;1.0;3;78;PRESIDENT JOHN FITZGERAL;;;;940
201300044369;13;7;2;1045;1;2;2;1.0;2;78;158, PARIS/CHOISY;M;4873560.0;244665.0;940
201300044411;13;9;24;1350;1;2;1;1.0;3;78;22, HENRI LEDUC (R);;;;940
201300044474;13;4;8;1125;1;2;5;1.0;3;80;FELIX FAURE/POMMIERS;M;4884760.0;245272.0;940
201300044476;13;4;17;1555;1;2;1;1.0;3;80;12-14, ROBERT GIRAUDINEA;;;;940
201300044494;13;7;20;2035;2;2;1;1.0;1;80;111, FONTENAY (R DE);;;;940
201300044503;13;9;9;1400;1;2;3;3.0;3;67;120, LAGNY (R DE);;;;940
201300044507;13;10;9;1530;1;2;1;2.0;6;80;106, FONTENAY (R DE);;;;940
201300044512;13;11;13;710;2;2;9;1.0;1;80;., FONTENAY (R DE);;;;940
201300044516;13;11;21;1245;1;2;1;1.0;1;80;., CARNOT (AV);;;;940
201300044518;13;12;13;910;1;2;1;1.0;6;80;98, AUBERT (AV);;;;940
201300044540;13;2;10;2200;5;2;6;2.0;3;81;PRESIDENT SALVADOR ALLEN;;;;940
201300044557;13;4;14;1950;1;2;1;1.0;6;81;07, MOULIN DE SAQUET (AV;;;;940
201300044575;13;5;27;2000;1;2;1;1.0;6;81;6, ANATOLE FRANCE (AV);;;;940
201300044580;13;6;11;1910;1;2;1;1.0;3;81;26, ERNEST HAVET (AV);;;;940
201300044586;13;7;1;1710;1;2;2;1.0;3;81;LEMERLE VETTER (AV);;;;940
201300044614;13;8;31;2135;5;2;2;1.0;3;81;GAGARINE/ABBE DERRY;;;;940
201300044658;13;12;21;1830;5;2;6;1.0;7;81;Angle, EUGENE PELLETAN -;;;;940
201300044690;13;2;28;1445;1;2;1;8.0;3;582;BD CHARLES DE GAULLE;M;4897280.0;225460.0;950
201300044731;13;5;29;2105;2;2;1;2.0;4;18;AV GABRIEL PERI;M;4894340.0;225180.0;950
201300044738;13;6;12;1800;1;2;1;1.0;1;18;R DE LA SOMME;M;4896370.0;227120.0;950
201300044759;13;7;22;1440;1;2;2;1.0;3;18;AV DU MARECHAL JOFFRE;M;4895790.0;223950.0;950
201300044766;13;8;1;2035;1;2;1;1.0;7;18;R HENRI BARBUSSE;M;4893110.0;222910.0;950
201300044780;13;9;18;748;1;2;3;1.0;2;18;R DE LA VOIE DES BANS;M;4894780.0;226660.0;950
201300044784;13;9;21;1755;1;2;1;1.0;1;18;R DU PERREUX;M;4894370.0;222750.0;950
201300044853;13;12;4;1350;1;2;1;1.0;3;572;AV DU FOND DE VAUX;M;4905450.0;214620.0;950
201300044877;13;9;9;940;1;2;6;1.0;3;572;R DU PARC;M;4904180.0;211190.0;950
201300044891;13;8;26;1640;1;2;1;1.0;3;197;R BOURGEOIS;M;4897990.0;232770.0;950
201300044900;13;11;26;1930;5;2;1;1.0;1;427;R JULES FERRY;M;4896780.0;234250.0;950
201300044922;13;4;2;1025;1;2;4;1.0;1;426;BD ARMAND HAYEM;M;4900710.0;228120.0;950
201300044956;13;8;27;1830;1;2;2;1.0;3;203;BD DE LA REPUBLIQUE;M;4898750.0;227870.0;950
201300044966;13;9;25;1850;1;2;1;1.0;3;574;RTE DE MONTMORENCY;M;4900690.0;227170.0;950
201300044967;13;9;25;1733;1;2;1;1.0;7;219;AV DU GENERAL LECLERC;M;4898090.0;227050.0;950
201300044973;13;10;8;1655;1;2;1;1.0;3;491;R CHARLES DE GAULLE;M;4900090.0;223580.0;950
201300044988;13;11;11;1100;1;2;1;1.0;3;203;AV VOLTAIRE;M;4899490.0;227610.0;950
201300044990;13;11;11;2325;5;2;6;1.0;3;203;AV VOLTAIRE;M;4899490.0;227540.0;950
201300044998;13;12;1;1120;1;2;1;1.0;3;203;RTE DE MONTLIGNON;M;4899940.0;227760.0;950
201300045063;13;12;31;1234;1;2;1;1.0;3;277;R ALBERT DROUHOT;M;4898950.0;244640.0;950
201300045065;13;1;10;815;2;2;1;2.0;3;424;CHE DE LA MARE EPINEUSE;M;4899140.0;220640.0;950
201300045081;13;7;21;1820;1;2;1;1.0;6;306;R DE PONTOISE;M;4899650.0;216310.0;950
201300045104;13;5;29;1915;1;2;3;1.0;6;487;R AMBROISE CROIZAT;M;4915130.0;227260.0;950
201300045150;13;4;13;1115;1;2;1;1.0;3;607;AV DIVISION-LECLERC;M;4901640.0;221860.0;950
201300045151;13;6;3;1110;1;2;1;1.0;2;60;R DE LA GARE;M;4903680.0;221120.0;950
201300045157;13;10;1;835;1;2;1;1.0;3;563;BD  ANDRE BREMONT;M;4900150.0;225150.0;950
201300045240;13;2;9;320;5;2;1;1.0;2;381;00, ANDRE LASSAGNE;;;;690
201300045244;13;4;16;1925;1;2;7;1.0;3;381;PLACE DE LA COMEDIE;;;;690
201300045246;13;4;22;2205;5;2;2;1.0;3;381;JEAN MOULIN;;;;690
201300045248;13;5;30;1005;1;2;1;2.0;2;381;13, RUE TERME;;;;690
201300045250;13;6;7;910;1;2;2;1.0;3;381;10, PRESIDENT EDOUARD HE;;;;690
201300045256;13;7;14;2320;5;2;1;1.0;2;381;30, MONTEE SAINT SEBASTI;;;;690
201300045272;13;11;23;1550;1;2;2;1.0;3;381;51, BON PASTEUR (DU);;;;690
201300045274;13;12;15;330;5;2;1;5.0;3;381;1, JEAN MOULIN;;;;690
201300045276;13;11;28;1220;1;2;1;1.0;7;381;12, GENERAL GIRAUD (DU);;;;690
201300047646;13;7;23;911;1;1;1;1.0;3;549;RN 104;;;;910
201300047913;13;12;22;1540;1;1;1;1.0;3;286;RD 310;;;;910
201300047968;13;4;15;1725;1;2;1;1.0;3;37;SANS, TOUTES RUES;M;0.0;0.0;202
201300047993;13;6;10;1750;1;2;1;1.0;3;120;sans, TOUTES RUES;M;0.0;0.0;202
201300048014;13;7;11;1932;1;2;1;1.0;2;33;sans, VEZZANI - RUE CESA;M;0.0;0.0;202
201300048029;13;8;6;1439;1;2;2;1.0;3;33;sans, TOUTES RUES;M;0.0;0.0;202
201300048106;13;12;28;1500;1;2;1;1.0;3;33;5, SARI - AV EMILE;;;;202
201300048112;13;1;9;745;2;2;1;1.0;6;382;GRENETTE;;;;690
201300048114;13;2;1;1525;1;2;1;1.0;7;382;59, RUE PRESIDENT EDOUAR;;;;690
201300048124;13;4;3;2220;5;2;1;1.0;6;382;20, REPUBLIQUE (DE LA);;;;690
201300048125;13;4;5;1730;1;2;1;2.0;4;382;44, DOCTEUR GAILLETON (D;;;;690
201300048145;13;6;25;2055;1;2;1;1.0;3;382;27, JEAN MOULIN;;;;690
201300048150;13;7;2;1840;1;2;1;1.0;6;382;22, GRENETTE;;;;690
201300048151;13;7;3;1727;1;2;1;1.0;6;382;11, BELLECOUR;;;;690
201300048154;13;7;21;1807;1;2;3;1.0;3;382;REPUBLIQUE (DE LA);;;;690
201300048159;13;7;24;1315;1;2;1;1.0;6;382;16, RUE VICTOR HUGO;;;;690
201300048165;13;8;30;1530;1;2;5;1.0;3;382;JULES COURMONT;;;;690
201300048167;13;9;6;1830;1;2;1;1.0;6;382;73, PRESIDENT EDOUARD HE;;;;690
201300048319;13;1;18;750;2;2;2;1.0;3;383;0, COURS EUGENIE;;;;690
201300048330;13;2;2;1220;1;2;2;1.0;3;386;RUE DUGUESCLIN;;;;690
201300048344;13;3;8;1040;1;2;3;1.0;6;383;RUE DU DAUPHINE;;;;690
201300048345;13;3;7;1510;1;2;1;1.0;6;383;AVENUE GEORGES POMPIDOU;;;;690
201300048346;13;3;9;1650;1;2;2;1.0;3;383;0, RUE DE LA PART DIEU;;;;690
201300048349;13;3;11;1345;1;2;2;1.0;3;383;IGNORE, RUE DE BONNEL;;;;690
201300048350;13;3;11;1800;1;2;1;1.0;3;383;79, RUE BARABAN;;;;690
201300048353;13;3;15;1745;1;2;2;1.0;3;383;0, AVENUE FELIX FAURE;;;;690
201300048357;13;4;6;1315;1;2;1;1.0;6;383;8, RUE AIME COLLOMB;;;;690
201300048361;13;4;12;1700;1;2;1;2.0;7;383;37, AVENUE FELIX FAURE;;;;690
201300048370;13;4;19;940;1;2;1;2.0;2;383;05, COURS ALBERT THOMAS;;;;690
201300048382;13;5;21;1205;1;2;2;1.0;6;386;89, RUE DE CREQUI;;;;690
201300048385;13;5;24;1840;1;2;1;1.0;3;383;IGNORE, RUE PAUL BERT;;;;690
201300048409;13;6;26;1630;1;2;2;7.0;3;386;0, RUE TETE D OR;;;;690
201300048410;13;6;19;1050;1;2;1;1.0;6;386;10, QUAI GENERAL SARRAIL;;;;690
201300048412;13;7;1;1800;1;2;2;1.0;6;383;0, RUE PAUL BERT;;;;690
201300048415;13;7;1;940;1;2;1;1.0;3;386;AVENUE DE GRANDE BRETAGN;;;;690
201300048421;13;7;12;200;5;2;1;1.0;2;386;00, PONT WINSTON CHURCHI;;;;690
201300048426;13;7;16;1845;1;2;1;1.0;3;383;72, AVENUE MARECHAL DE S;;;;690
201300048427;13;7;16;1805;1;2;2;1.0;1;383;RUE DE LA PART DIEU;;;;690
201300048432;13;7;26;1005;1;2;2;1.0;3;383;0, AVENUE MARECHAL DE SA;;;;690
201300048437;13;6;28;1400;1;2;1;2.0;3;383;00, AVENUE FELIX FAURE;;;;690
201300048438;13;8;5;100;5;2;2;1.0;3;383;0, COURS GAMBETTA;;;;690
201300048441;13;8;4;1235;1;2;2;1.0;3;383;00, COURS GAMBETTA;;;;690
201300048453;13;9;2;1750;1;2;1;1.0;3;383;17, AVENUE MARECHAL DE S;;;;690
201300048456;13;9;7;1635;1;2;1;1.0;6;383;0, QUAI VICTOR AUGAGNEUR;;;;690
201300048463;13;9;11;1310;1;2;1;1.0;3;383;222, RUE DE CREQUI;;;;690
201300048472;13;9;22;2025;5;2;1;1.0;6;383;22, QUAI VICTOR AUGAGNEU;;;;690
201300048478;13;9;26;1445;1;2;2;1.0;3;386;141, RUE VAUBAN;;;;690
201300048483;13;9;24;745;1;2;1;1.0;2;383;43, COURS GAMBETTA;;;;690
201300048484;13;10;3;915;1;2;1;1.0;2;383;119, COURS LAFAYETTE;;;;690
201300048488;13;10;9;2150;5;2;2;1.0;3;383;RUE DUGUESCLIN;;;;690
201300048491;13;10;2;2050;5;1;2;1.0;3;386;COURS LAFAYETTE;;;;690
201300048496;13;10;21;1825;2;2;1;2.0;6;383;303, RUE DUGUESCLIN;;;;690
201300048501;13;10;25;940;1;2;1;1.0;2;383;99, AVENUE FELIX FAURE;;;;690
201300048504;13;10;22;1030;1;2;2;1.0;3;383;RUE SAINT ANTOINE;;;;690
201300048509;13;11;12;1920;5;2;2;1.0;3;383;RUE DE LA PART DIEU;;;;690
201300048517;13;11;27;1815;5;2;1;1.0;6;383;9, RUE DE LA PART DIEU;;;;690
201300048526;13;12;4;830;1;2;3;1.0;3;383;41, RUE DU DAUPHINE;;;;690
201300048542;13;3;5;840;1;2;1;1.0;2;384;56, RUE EUGENE PONS;;;;690
201300048548;13;5;27;1800;1;2;1;1.0;6;384;37, BOULEVARD DE LA CROI;;;;690
201300048551;13;6;25;915;1;2;2;1.0;3;384;00, RUE HENON;;;;690
201300048552;13;6;26;940;1;2;1;1.0;3;384;22, COURS D HERBOUVILLE;;;;690
201300048553;13;7;16;835;1;2;2;1.0;3;384;RUE HENON;;;;690
201300048562;13;11;5;2105;5;2;2;2.0;3;384;MONTEE DE LA BOUCLE;;;;690
201300048809;13;4;1;1610;1;2;1;1.0;5;385;MONTEE DU CHEMIN NEUF;;;;690
201300048818;13;7;9;1810;1;2;1;1.0;1;385;58, QUAI PIERRE SCIZE;;;;690
201300048825;13;7;24;1840;1;2;1;1.0;1;385;77, QUAI PIERRE SCIZE;;;;690
201300048827;13;7;26;1610;1;2;1;1.0;1;385;77, QUAI PIERRE SCIZE;;;;690
201300048847;13;12;5;735;2;2;1;1.0;3;385;1, RUE DE L ANTIQUAILLE;;;;690
201300048918;13;1;22;1215;1;2;2;1.0;3;387;24, RUE DE GERLAND;;;;690
201300048965;13;5;24;810;1;2;1;1.0;2;387;20, RUE CROIX BARRET;;;;690
201300048973;13;6;14;850;1;2;1;1.0;3;387;51, RUE DOMER;;;;690
201300048978;13;6;20;1745;1;2;2;1.0;3;387;RUE D ANVERS;;;;690
201300048984;13;7;11;1710;1;2;1;1.0;6;387;0, QUAI CLAUDE BERNARD;;;;690
201300048985;13;7;12;1125;1;2;1;1.0;7;387;12, COURS GAMBETTA;;;;690
201300048993;13;7;31;2020;1;2;1;1.0;3;387;1, AVENUE BERTHELOT;;;;690
201300049001;13;9;9;1645;1;2;2;1.0;3;387;0, RUE MONTESQUIEU;;;;690
201300049006;13;9;20;1630;1;2;2;1.0;3;387;0, RUE DE GERLAND;;;;690
201300049008;13;9;23;1545;1;2;1;1.0;3;387;0, AVENUE DU PONT PASTEU;;;;690
201300049010;13;9;25;2250;5;2;3;1.0;3;387;RUE JABOULAY;;;;690
201300049014;13;10;4;2015;4;2;2;1.0;3;387;AVENUE TONY GARNIER;;;;690
201300049021;13;10;22;1650;1;2;1;1.0;1;387;15, QUAI CLAUDE BERNARD;;;;690
201300049024;13;10;25;400;5;2;1;1.0;2;387;PONT PASTEUR;;;;690
201300049036;13;11;20;820;1;2;2;4.0;3;387;0, AVENUE BERTHELOT;;;;690
201300049044;13;12;13;1415;1;2;2;1.0;3;387;0, RUE BECHEVELIN;;;;690
201300049053;13;1;18;730;2;2;2;1.0;3;388;0, BOULEVARD JEAN XXIII;;;;690
201300049054;13;1;19;1550;1;2;1;2.0;6;388;93, BOULEVARD DES ETATS;;;;690
201300049056;13;1;23;930;1;2;1;1.0;3;388;47, AVENUE PAUL SANTY;;;;690
201300049070;13;4;3;1205;1;2;1;1.0;3;388;56, RUE PAUL CAZENEUVE;;;;690
201300049074;13;4;15;1330;1;2;3;1.0;3;388;ignore, AVENUE GENERAL F;;;;690
201300049075;13;4;15;1715;1;2;1;1.0;3;388;0, RUE PAUL CAZENEUVE;;;;690
201300049102;13;7;23;1730;1;2;1;1.0;6;388;151, BOULEVARD DES ETATS;;;;690
201300049104;13;8;6;1730;1;2;2;1.0;3;388;0, AVENUE DES FRERES LUM;;;;690
201300049109;13;8;5;2030;1;2;2;1.0;3;388;00, RUE PROFESSEUR BEAUV;;;;690
201300049111;13;8;10;1310;1;2;2;1.0;3;388;39, AVENUE DES FRERES LU;;;;690
201300049116;13;8;30;1545;1;2;1;1.0;6;388;77, BOULEVARD DES ETATS;;;;690
201300049117;13;8;14;1130;1;2;3;1.0;3;388;AVENUE BERTHELOT;;;;690
201300049123;13;9;13;822;1;2;2;1.0;3;388;0, RUE MARYSE BASTIE;;;;690
201300049131;13;10;10;805;1;2;1;8.0;3;388;AVENUE DES FRERES LUMIER;;;;690
201300049132;13;10;17;1750;1;2;2;1.0;3;388;RUE VILLON;;;;690
201300049138;13;11;12;1620;1;2;2;1.0;6;388;0, RUE ANTOINE LUMIERE;;;;690
201300049143;13;10;24;1845;5;2;3;1.0;3;388;AVENUE JEAN MERMOZ;;;;690
201300049575;13;2;1;905;1;2;1;2.0;3;389;65, RUE PIERRE AUDRY;;;;690
201300049582;13;3;12;1830;2;2;3;1.0;3;389;65, RUE DU SOUVENIR;;;;690
201300049587;13;4;4;1520;1;2;3;1.0;3;389;2, RUE DU 24 MARS 1852;;;;690
201300049596;13;5;2;855;1;2;1;1.0;3;389;01, QUAI PAUL SEDALLIAN;;;;690
201300049609;13;6;12;1900;1;2;1;1.0;3;389;00, BOULEVARD ANTOINE DE;;;;690
201300049632;13;8;1;2010;1;2;1;1.0;1;389;12, RUE PIERRE TERMIER;;;;690
201300049633;13;8;6;1755;1;2;1;1.0;3;389;20, RUE DES DOCTEURS COR;;;;690
201300049636;13;8;22;1902;1;2;1;8.0;6;389;61 BIS, MONTEE DE L OBSE;;;;690
201300049700;13;7;14;2330;5;1;9;1.0;3;137;A50;;;;830
201300050148;13;11;6;1015;1;1;1;1.0;3;33;A55-Sens Marseille*vers;;;;130
201300050174;13;2;7;1315;1;2;2;1.0;3;101;2, BOULEVARD DU PALAIS;;;;750
201300050176;13;2;11;1945;5;2;3;1.0;3;101;12, QUAI DE LA MEGISSERI;;;;750
201300050198;13;4;19;1230;1;2;2;1.0;2;111;94, BOULEVARD BEAUMARCHA;;;;750
201300050200;13;4;22;1840;1;2;3;1.0;2;101;59, BOULEVARD DE SEBASTO;;;;750
201300050208;13;5;15;1855;1;2;5;1.0;6;109;53, RUE RICHER;;;;750
201300050215;13;6;1;1540;1;2;2;1.0;7;101;10, QUAI FRANCOIS MITTER;;;;750
201300050217;13;6;6;1820;1;2;7;1.0;2;101;RUE DE RIVOLI;;;;750
201300050225;13;6;14;1900;1;2;2;1.0;6;101;4, BOULEVARD DU PALAIS;;;;750
201300050232;13;7;11;1830;1;2;2;1.0;6;109;47, BOULEVARD DE ROCHECH;;;;750
201300050244;13;7;31;1450;1;2;2;1.0;3;101;48, RUE CROIX DES PETITS;;;;750
201300050245;13;7;31;1455;1;2;1;1.0;6;101;4, BOULEVARD DU PALAIS;;;;750
201300050248;13;8;3;1725;1;2;2;1.0;3;101;5, RUE DE CASTIGLIONE;;;;750
201300050249;13;8;5;100;5;2;2;1.0;3;101;RUE DU PONT NEUF;;;;750
201300050257;13;8;27;1405;2;2;3;1.0;3;101;RUE SAINT HONORE;;;;750
201300050265;13;9;2;1530;1;2;5;1.0;3;101;194, RUE DE RIVOLI;;;;750
201300050269;13;9;9;1845;1;2;7;8.0;2;101;1, PLACE DU CHATELET;;;;750
201300050280;13;10;7;1150;1;2;3;1.0;7;101;252, RUE DE RIVOLI;;;;750
201300050281;13;10;9;925;1;2;1;2.0;3;101;251, RUE SAINT HONORE;;;;750
201300050282;13;10;11;1115;1;2;7;2.0;3;101;04, AVENUE DE L OPERA;;;;750
201300050285;13;10;13;1615;1;2;2;1.0;2;101;17, RUE ETIENNE MARCEL;;;;750
201300050295;13;10;25;1550;1;2;7;1.0;6;101;93, RUE DE RIVOLI;;;;750
201300050296;13;10;26;1440;1;2;3;1.0;3;101;158, RUE DE RIVOLI;;;;750
201300050300;13;10;29;2300;5;2;5;1.0;6;101;22, AVENUE DE L OPERA;;;;750
201300050309;13;11;9;1235;1;2;1;1.0;7;101;1, PLACE DU CARROUSEL;;;;750
201300050311;13;11;12;1145;1;2;2;2.0;3;101;40, RUE DU LOUVRE;;;;750
201300050317;13;11;21;1950;5;2;2;2.0;2;104;21, RUE DE RIVOLI;;;;750
201300050332;13;12;20;1550;1;2;1;1.0;3;101;3, RUE DES PYRAMIDES;;;;750
201300050343;13;1;14;1510;1;2;2;1.0;3;102;RUE DES FILLES SAINT THO;;;;750
201300050348;13;1;31;940;1;2;4;1.0;6;102;151, RUE MONTMARTRE;;;;750
201300050349;13;1;31;1955;5;2;5;1.0;3;102;59, RUE REAUMUR;;;;750
201300050356;13;2;11;2320;5;2;7;1.0;3;102;34, RUE DU QUATRE SEPTEM;;;;750
201300050361;13;2;25;945;1;2;1;2.0;2;102;39, AVENUE DE L OPERA;;;;750
201300050370;13;3;29;2310;5;2;2;1.0;3;102;RUE MONTMARTRE;;;;750
201300050378;13;4;23;1830;1;2;1;1.0;2;102;15, RUE VIVIENNE;;;;750
201300050393;13;6;5;1655;1;2;2;1.0;6;102;202, RUE SAINT DENIS;;;;750
201300050401;13;7;3;1900;2;2;1;8.0;3;102;176, RUE MONTMARTRE;;;;750
201300050415;13;8;23;1630;1;2;1;1.0;4;110;38, BOULEVARD DE BONNE N;;;;750
201300050417;13;8;29;1810;1;2;2;1.0;6;102;BOULEVARD POISSONNIERE;;;;750
201300050418;13;8;30;122;5;2;2;1.0;6;102;RUE ETIENNE MARCEL;;;;750
201300050431;13;9;23;1630;1;2;1;1.0;6;102;75, BOULEVARD DE SEBASTO;;;;750
201300050438;13;10;8;1720;1;2;1;1.0;4;102;124, RUE D ABOUKIR;;;;750
201300050440;13;10;10;1914;5;2;2;2.0;3;102;5, RUE DU QUATRE SEPTEMB;;;;750
201300050466;13;1;30;825;1;2;2;2.0;2;103;43, RUE REAUMUR;;;;750
201300050475;13;3;13;930;1;2;5;9.0;7;103;45, RUE DE TURBIGO;;;;750
201300050484;13;4;5;1050;1;2;2;1.0;7;103;4, RUE SAINT GILLES;;;;750
201300050488;13;4;15;1325;1;2;2;1.0;2;103;91, RUE BEAUBOURG;;;;750
201300050492;13;4;19;855;1;2;2;1.0;3;103;162, RUE DU TEMPLE;;;;750
201300050496;13;4;24;1740;1;2;2;1.0;3;103;43, RUE REAUMUR;;;;750
201300050499;13;4;29;1835;1;2;2;1.0;3;103;19, RUE DE BRETAGNE;;;;750
201300050500;13;4;30;1800;1;2;1;2.0;6;103;50, RUE RAMBUTEAU;;;;750
201300050503;13;5;7;1340;1;2;2;1.0;3;103;28, RUE DE TURBIGO;;;;750
201300050504;13;5;9;2025;1;2;1;1.0;3;103;9, PLACE DE LA REPUBLIQU;;;;750
201300050507;13;5;21;1900;1;2;2;8.0;2;103;254, RUE SAINT MARTIN;;;;750
201300050515;13;6;9;1410;1;2;2;1.0;3;103;56, RUE DES ARCHIVES;;;;750
201300050521;13;6;26;820;1;2;7;1.0;2;103;15, PLACE DE LA REPUBLIQ;;;;750
201300050522;13;6;28;1650;1;2;1;1.0;2;103;25, RUE DE SAINTONGE;;;;750
201300050524;13;6;30;1140;1;2;2;1.0;1;103;94, RUE DE TURENNE;;;;750
201300050528;13;8;12;900;1;2;2;1.0;3;103;70, BOULEVARD DE SEBASTO;;;;750
201300050532;13;8;27;1900;1;2;7;1.0;6;103;205, RUE DU TEMPLE;;;;750
201300050535;13;9;7;1400;1;2;1;1.0;2;103;37, BOULEVARD DU TEMPLE;;;;750
201300050539;13;9;10;1640;1;2;3;2.0;6;103;22, RUE SAINT GILLES;;;;750
201300050544;13;9;19;2200;5;2;1;1.0;2;103;12, RUE COMMINES;;;;750
201300050545;13;9;22;910;1;2;3;1.0;7;103;10, RUE DES QUATRE FILS;;;;750