Num_Acc;an;mois;jour;hrmn;lum;agg;int;atm;col;com;adr;gps;lat;long;dep
201300050553;13;10;3;2030;5;2;2;2.0;6;104;20, RUE BEAUBOURG;;;;750
201300050555;13;10;5;1820;1;2;2;2.0;7;103;78, RUE DES ARCHIVES;;;;750
201300050556;13;10;9;840;1;2;7;1.0;3;103;15, PLACE DE LA REPUBLIQ;;;;750
201300050557;13;10;19;2105;5;2;5;1.0;3;103;RUE REAUMUR;;;;750
201300050564;13;11;12;1220;1;2;3;2.0;3;102;29, RUE DE TURBIGO;;;;750
201300050573;13;11;26;1110;1;2;3;8.0;3;102;8, RUE ETIENNE MARCEL;;;;750
201300050580;13;12;16;945;1;2;7;1.0;2;103;03, PLACE DE LA REPUBLIQ;;;;750
201300050582;13;12;16;1945;5;2;3;1.0;6;103;106, RUE DU TEMPLE;;;;750
201300050592;13;1;16;1555;1;2;3;8.0;3;104;45, RUE FRANCOIS MIRON;;;;750
201300050595;13;1;29;805;2;2;7;2.0;3;104;03, PLACE DE LA BASTILLE;;;;750
201300050607;13;2;26;2030;5;2;2;1.0;6;104;20, RUE BEAUBOURG;;;;750
201300050611;13;3;4;1640;1;2;2;1.0;3;104;86, RUE SAINT ANTOINE;;;;750
201300050632;13;4;25;740;1;2;7;1.0;3;104;PLACE DE LA BASTILLE;;;;750
201300050645;13;6;4;1500;1;2;3;1.0;2;104;03, RUE DE TURENNE;;;;750
201300050653;13;6;12;1415;1;2;1;8.0;3;104;6, QUAI DES CELESTINS;;;;750
201300050654;13;6;13;1000;1;2;1;8.0;3;104;25, BOULEVARD BEAUMARCHA;;;;750
201300050657;13;6;25;2020;1;2;3;1.0;2;104;20, RUE DU RENARD;;;;750
201300050658;13;6;25;2000;1;2;7;1.0;6;104;2, QUAI DE GESVRES;;;;750
201300050663;13;7;8;2110;2;2;1;1.0;3;104;PONT NOTRE DAME;;;;750
201300050664;13;7;14;250;5;2;2;1.0;6;104;74, RUE DE RIVOLI;;;;750
201300050666;13;7;18;1500;1;2;2;1.0;6;104;RUE DE RIVOLI;;;;750
201300050667;13;7;18;2259;5;2;3;1.0;3;104;RUE MALHER;;;;750
201300050668;13;7;20;1530;1;2;3;1.0;2;104;29, BOULEVARD BEAUMARCHA;;;;750
201300050670;13;7;28;935;1;2;1;1.0;6;104;14, BOULEVARD HENRI IV;;;;750
201300050676;13;8;20;1335;1;2;2;1.0;3;104;11, AVENUE VICTORIA;;;;750
201300050681;13;8;30;1445;1;2;2;1.0;3;104;51, RUE VIEILLE DU TEMPL;;;;750
201300050686;13;9;10;110;3;2;5;1.0;3;104;10, BOULEVARD DE SEBASTO;;;;750
201300050688;13;9;13;1715;1;2;1;2.0;3;104;16, QUAI DE GESVRES;;;;750
201300050693;13;9;21;1600;1;2;2;1.0;6;101;BOULEVARD DE SEBASTOPOL;;;;750
201300050694;13;9;30;1340;1;2;2;1.0;3;104;2, BOULEVARD HENRI IV;;;;750
201300050695;13;10;2;820;1;2;2;1.0;6;104;40, RUE VIEILLE DU TEMPL;;;;750
201300050697;13;10;11;1230;1;2;1;2.0;3;104;4 bis, BOULEVARD MORLAND;;;;750
201300050699;13;10;14;23;5;2;1;1.0;6;104;5, RUE DE LOBAU;;;;750
201300050700;13;10;15;750;2;2;2;1.0;3;104;RUE AUBRY LE BOUCHER;;;;750
201300050701;13;10;15;1845;5;2;3;1.0;3;104;25, PLACE DES VOSGES;;;;750
201300050710;13;10;30;1100;1;2;3;1.0;3;104;22, QUAI DES CELESTINS;;;;750
201300050712;13;10;31;945;1;2;2;1.0;3;104;QUAI DE L HOTEL DE VILLE;;;;750
201300050721;13;11;26;1555;1;2;2;8.0;2;104;21, RUE DES ARCHIVES;;;;750
201300050727;13;12;4;850;1;2;2;1.0;6;104;40, BOULEVARD DE SEBASTO;;;;750
201300050742;13;1;10;923;1;2;2;1.0;7;105;22, BOULEVARD SAINT MICH;;;;750
201300050761;13;2;13;1550;1;2;2;1.0;6;105;133, BOULEVARD SAINT MIC;;;;750
201300050763;13;2;17;243;5;2;2;1.0;3;105;33, BOULEVARD SAINT GERM;;;;750
201300050764;13;2;18;840;1;2;2;1.0;2;105;23, RUE SOUFFLOT;;;;750
201300050771;13;2;24;1200;1;2;2;4.0;6;105;19, QUAI DE LA TOURNELLE;;;;750
201300050784;13;4;9;1740;1;2;1;2.0;2;105;3, PLACE DU PUITS DE L E;;;;750
201300050786;13;4;10;1645;1;2;2;2.0;3;105;QUAI SAINT BERNARD;;;;750
201300050790;13;4;17;2009;1;2;5;1.0;7;105;73, BOULEVARD SAINT GERM;;;;750
201300050794;13;4;22;1835;1;2;4;1.0;7;105;24, BOULEVARD DE L HOPIT;;;;750
201300050795;13;4;25;1830;1;2;1;1.0;6;105;4, RUE DU PETIT PONT;;;;750
201300050801;13;4;28;1120;1;2;3;1.0;3;105;45, RUE JUSSIEU;;;;750
201300050810;13;5;19;1415;1;2;5;1.0;3;105;104, RUE MONGE;;;;750
201300050818;13;6;1;135;5;2;1;1.0;1;105;42, RUE DES FOSSES SAINT;;;;750
201300050822;13;6;12;1922;1;2;3;1.0;3;105;212, RUE SAINT JACQUES;;;;750
201300050826;13;6;23;1920;1;2;1;2.0;6;105;7, RUE DE LA SORBONNE;;;;750
201300050830;13;6;25;932;1;2;1;8.0;6;105;32, RUE DE L ARBALETE;;;;750
201300050836;13;7;7;1415;1;2;2;1.0;3;105;RUE MONGE;;;;750
201300050838;13;7;8;1820;1;2;1;1.0;3;105;30, RUE BERTHOLLET;;;;750
201300050841;13;7;17;2330;5;2;1;1.0;6;105;33, RUE DES ECOLES;;;;750
201300050851;13;8;3;1120;1;2;2;1.0;3;105;BOULEVARD SAINT MICHEL;;;;750
201300050852;13;8;4;1031;1;2;2;1.0;4;105;63, BOULEVARD SAINT MICH;;;;750
201300050858;13;9;16;940;1;2;2;1.0;6;105;1, RUE SAINT JACQUES;;;;750
201300050859;13;9;16;1330;1;2;1;1.0;2;105;14, RUE DU CARDINAL LEMO;;;;750
201300050861;13;9;19;2035;5;2;2;1.0;3;105;15, RUE DES FEUILLANTINE;;;;750
201300050876;13;10;8;850;1;2;1;1.0;3;105;03, RUE DU FER A MOULIN;;;;750
201300050880;13;10;12;1129;1;2;1;1.0;3;105;37, RUE MONGE;;;;750
201300050883;13;10;19;2218;5;2;2;1.0;3;105;BOULEVARD SAINT MICHEL;;;;750
201300050885;13;10;23;1900;2;2;1;1.0;2;105;18, RUE DES FOSSES SAINT;;;;750
201300050888;13;10;26;1620;1;2;3;1.0;5;105;43, QUAI DE LA TOURNELLE;;;;750
201300050891;13;10;31;1200;1;2;2;1.0;3;105;19, QUAI DE LA TOURNELLE;;;;750
201300050895;13;11;12;1135;1;2;7;2.0;2;105;77bis, RUE MONGE;;;;750
201300050900;13;11;21;1520;1;2;1;8.0;2;105;3, QUAI SAINT MICHEL;;;;750
201300050906;13;11;26;2010;5;2;1;1.0;7;113;13, RUE BAUDRICOURT;;;;750
201300050907;13;11;30;1730;5;2;3;1.0;2;105;63, BOULEVARD SAINT GERM;;;;750
201300050910;13;12;6;930;1;2;7;1.0;2;105;1, PLACE SAINT MICHEL;;;;750
201300050915;13;12;27;1115;1;2;2;2.0;7;105;15, RUE MONGE;;;;750
201300050927;13;1;27;1605;1;2;2;8.0;3;106;139, BOULEVARD RASPAIL;;;;750
201300050941;13;4;5;1320;1;2;2;1.0;3;106;83, BOULEVARD SAINT GERM;;;;750
201300050950;13;4;22;950;1;2;5;1.0;3;106;25, BOULEVARD DU MONTPAR;;;;750
201300050959;13;5;6;1715;1;2;7;1.0;6;106;171, RUE DE RENNES;;;;750
201300050962;13;5;16;850;1;2;3;2.0;7;106;19, RUE DE VAUGIRARD;;;;750
201300050967;13;6;3;1425;1;2;1;1.0;3;106;16, RUE SAINT PLACIDE;;;;750
201300050972;13;6;14;1535;1;2;7;1.0;2;106;BOULEVARD SAINT GERMAIN;;;;750
201300050978;13;6;26;1540;1;2;1;1.0;6;106;53, RUE DU FOUR;;;;750
201300050982;13;6;29;1730;1;2;2;1.0;3;106;53, RUE DE RENNES;;;;750
201300050985;13;7;13;25;5;2;2;1.0;3;106;87, BOULEVARD DU MONTPAR;;;;750
201300050996;13;8;2;1050;1;2;7;1.0;3;106;149, BOULEVARD SAINT GER;;;;750
201300051006;13;9;1;1400;1;2;1;1.0;6;106;53, RUE DES SAINTS PERES;;;;750
201300051008;13;9;8;640;5;2;1;1.0;6;106;151B, RUE DE RENNES;;;;750
201300051015;13;9;22;1825;1;2;7;8.0;3;106;4, PLACE DE L ODEON;;;;750
201300051019;13;9;26;1220;1;2;3;1.0;6;106;101, BOULEVARD DU MONTPA;;;;750
201300051022;13;10;3;1405;1;2;3;1.0;7;106;05, QUAI DE CONTI;;;;750
201300051026;13;10;11;1945;5;2;1;1.0;3;106;RUE DE RENNES;;;;750
201300051031;13;10;18;1820;2;2;1;1.0;3;106;133, BOULEVARD DU MONTPA;;;;750
201300051033;13;10;21;1515;1;2;1;1.0;7;106;8, RUE DE L ECOLE DE MED;;;;750
201300051036;13;10;25;849;1;2;2;8.0;2;106;BOULEVARD DU MONTPARNASS;;;;750
201300051038;13;10;25;1850;5;2;7;2.0;3;106;4, PLACE EDMOND ROSTAND;;;;750
201300051043;13;11;2;1610;1;2;5;1.0;6;106;41, RUE DU FOUR;;;;750
201300051052;13;11;15;1640;1;2;1;1.0;6;106;11, RUE DE MEDICIS;;;;750
201300051055;13;11;20;1620;2;2;3;2.0;6;106;147, RUE DE RENNES;;;;750
201300051065;13;12;3;1830;5;2;5;1.0;6;106;53, RUE DE RENNES;;;;750
201300051068;13;12;6;1950;5;2;1;1.0;6;106;80, BOULEVARD SAINT MICH;;;;750
201300051086;13;1;8;1355;1;2;1;1.0;3;107;37, QUAI D ORSAY;;;;750
201300051087;13;1;11;120;5;2;5;2.0;3;107;AVENUE DU MARECHAL GALLI;;;;750
201300051107;13;2;13;1550;1;2;3;1.0;3;107;52, RUE DE SEVRES;;;;750
201300051113;13;3;2;325;5;2;1;1.0;2;107;15, QUAI ANATOLE FRANCE;;;;750
201300051116;13;3;5;1755;2;2;1;1.0;6;107;75, RUE DE LILLE;;;;750
201300051117;13;3;7;840;1;2;5;2.0;3;107;BOULEVARD DES INVALIDES;;;;750
201300051118;13;3;9;30;5;2;1;1.0;3;107;, SQUARE BOUCICAUT;;;;750
201300051121;13;3;26;1920;5;2;3;1.0;6;107;16, RUE DE VARENNE;;;;750
201300051122;13;3;26;2245;5;2;3;1.0;7;107;90, RUE DE GRENELLE;;;;750
201300051127;13;4;1;1640;1;2;3;1.0;3;107;170 bis, RUE DE GRENELLE;;;;750
201300051153;13;5;29;1640;1;2;1;1.0;3;107;26, AVENUE BOSQUET;;;;750
201300051155;13;5;31;2130;5;2;3;1.0;6;107;67, QUAI BRANLY;;;;750
201300051157;13;6;5;1915;1;2;5;1.0;3;107;33, QUAI D ORSAY;;;;750
201300051170;13;6;30;715;1;2;4;1.0;7;107;05, QUAI ANATOLE FRANCE;;;;750
201300051175;13;7;9;1230;1;2;3;1.0;3;107;5, QUAI VOLTAIRE;;;;750
201300051193;13;8;31;1700;1;2;1;1.0;2;107;241, BOULEVARD SAINT GER;;;;750
201300051197;13;9;7;950;1;2;1;1.0;2;107;70, RUE DU BAC;;;;750
201300051200;13;9;11;1835;1;2;7;1.0;6;107;01, PLACE DU PRESIDENT M;;;;750
201300051202;13;9;17;1745;1;2;2;2.0;1;107;XVII7747, AVENUE DU MARE;;;;750
201300051209;13;9;25;1950;5;2;1;1.0;2;107;32, RUE DE VARENNE;;;;750
201300051213;13;9;30;1505;1;2;1;1.0;2;107;45, AVENUE BOSQUET;;;;750
201300051214;13;9;30;2210;5;2;3;1.0;7;107;01, QUAI VOLTAIRE;;;;750
201300051238;13;11;15;935;1;2;4;8.0;3;107;5, QUAI ANATOLE FRANCE;;;;750
201300051254;13;12;4;1000;1;2;4;1.0;3;107;11, AVENUE DE SEGUR;;;;750
201300051263;13;12;20;1620;1;2;7;1.0;3;107;129, RUE DE GRENELLE;;;;750
201300051264;13;12;24;150;5;2;5;2.0;3;107;1, QUAI D ORSAY;;;;750
201300051290;13;1;26;2112;5;2;3;1.0;4;108;AVENUE DES CHAMPS ELYSEE;;;;750
201300051294;13;2;3;2025;5;2;1;2.0;3;108;AVENUE MATIGNON;;;;750
201300051302;13;2;7;1315;1;2;2;8.0;3;108;PONT ALEXANDRE III;;;;750
201300051308;13;2;11;1710;1;2;5;1.0;3;108;RUE DE MIROMESNIL;;;;750
201300051328;13;3;7;1230;1;2;2;1.0;2;108;75, RUE DU FAUBOURG SAIN;;;;750
201300051337;13;3;15;2150;5;2;1;1.0;3;108;29, RUE DE COURCELLES;;;;750
201300051339;13;3;17;1220;1;2;2;1.0;3;117;BOULEVARD MALESHERBES;;;;750
201300051349;13;3;27;1920;5;2;1;1.0;6;108;2, PLACE DES TERNES;;;;750
201300051351;13;3;28;1625;1;2;5;1.0;6;108;29, RUE DU ROCHER;;;;750
201300051364;13;4;7;1500;1;2;7;1.0;3;108;PLACE DE LA CONCORDE;;;;750
201300051373;13;4;12;100;5;2;5;1.0;6;108;RUE DE ROME;;;;750
201300051382;13;4;15;2115;5;2;5;1.0;3;108;18, AVENUE HOCHE;;;;750
201300051388;13;4;21;1600;1;2;5;1.0;6;108;18, AVENUE HOCHE;;;;750
201300051402;13;5;10;30;5;2;3;1.0;3;108;7, RUE DU HAVRE;;;;750
201300051407;13;5;13;845;1;2;1;1.0;3;117;17, PLACE DE LA PORTE DE;;;;750
201300051409;13;5;14;1000;1;2;2;1.0;3;108;AVENUE DE MARIGNY;;;;750
201300051416;13;5;16;1615;1;2;1;3.0;3;108;22, RUE FRANCOIS 1ER;;;;750
201300051423;13;5;20;1645;2;2;7;3.0;3;108;AVENUE DES CHAMPS ELYSEE;;;;750
201300051450;13;6;12;2115;2;2;2;1.0;3;108;29, AVENUE DE FRIEDLAND;;;;750
201300051462;13;6;24;1135;1;2;2;1.0;2;108;RUE DE ROME;;;;750
201300051464;13;6;25;1640;1;2;5;3.0;6;108;9, RUE DE VIENNE;;;;750
201300051467;13;6;27;1640;1;2;7;1.0;2;108;PLACE DE LA CONCORDE;;;;750
201300051477;13;7;1;2150;2;2;2;1.0;3;108;5, RUE CHAUVEAU LAGARDE;;;;750
201300051478;13;7;2;1950;1;2;5;1.0;3;108;63, BOULEVARD DES BATIGN;;;;750
201300051480;13;7;3;1500;1;2;7;1.0;3;108;PONT DES INVALIDES;;;;750
201300051481;13;7;4;900;1;2;3;1.0;3;108;92, BOULEVARD MALESHERBE;;;;750
201300051496;13;7;11;845;1;2;3;1.0;3;108;23, AVENUE DE MESSINE;;;;750
201300051500;13;7;12;1300;1;2;1;1.0;3;108;46, RUE LA BOETIE;;;;750
201300051517;13;7;29;1515;1;2;7;1.0;3;108;PLACE DE CLICHY;;;;750
201300051520;13;8;1;2100;2;2;7;1.0;3;108;PLACE DU CANADA;;;;750
201300051524;13;8;6;2300;5;2;1;1.0;2;108;AVENUE DES CHAMPS ELYSEE;;;;750
201300051535;13;8;19;420;5;2;7;1.0;3;108;ROND POINT CHAMPS ELYSEE;;;;750
201300051557;13;9;5;2340;5;2;1;1.0;3;108;22, RUE ROYALE;;;;750
201300051566;13;9;12;1755;1;2;1;1.0;2;108;119, AVENUE DES CHAMPS E;;;;750
201300051572;13;9;19;710;2;2;2;1.0;1;108;AVENUE DES CHAMPS ELYSEE;;;;750
201300051579;13;9;26;845;1;2;2;1.0;3;108;101, BOULEVARD MALESHERB;;;;750
201300051580;13;9;26;1045;1;2;7;1.0;2;108;PLACE DE LA CONCORDE;;;;750
201300051586;13;10;1;650;5;2;2;1.0;3;108;2, RUE DE PENTHIEVRE;;;;750
201300051592;13;10;5;1830;1;2;7;1.0;1;108;PLACE DE LA CONCORDE;;;;750
201300051598;13;10;12;2030;5;2;1;8.0;2;108;33, RUE D AMSTERDAM;;;;750
201300051600;13;10;14;1930;5;2;7;2.0;3;108;2, BOULEVARD MALESHERBES;;;;750
201300051610;13;10;24;2320;5;2;2;1.0;3;108;422, RUE SAINT HONORE;;;;750
201300051620;13;11;4;1220;1;2;1;1.0;3;108;80, BOULEVARD HAUSSMANN;;;;750
201300051626;13;11;11;1;5;2;7;1.0;3;108;PLACE DU CANADA;;;;750
201300051636;13;11;17;305;5;2;1;1.0;6;108;BOULEVARD DE COURCELLES;;;;750
201300051649;13;11;28;1215;1;2;1;1.0;6;108;21, RUE DU FAUBOURG SAIN;;;;750
201300051679;13;12;20;955;1;2;4;1.0;3;108;61, BOULEVARD HAUSSMANN;;;;750
201300051692;13;12;30;1210;1;2;1;1.0;3;108;11, RUE TRONCHET;;;;750
201300051698;13;1;8;920;1;2;2;1.0;6;109;2, RUE DE MOGADOR;;;;750
201300051703;13;1;16;2345;5;2;1;1.0;7;109;14, RUE CLAUZEL;;;;750
201300051708;13;1;25;2130;5;2;7;1.0;5;102;BOULEVARD DES CAPUCINES;;;;750
201300051719;13;2;12;1935;5;2;1;1.0;6;109;4, RUE DU FAUBOURG MONTM;;;;750
201300051722;13;2;26;1405;1;2;1;1.0;2;109;14, RUE BERGERE;;;;750
201300051746;13;4;12;1740;1;2;7;3.0;2;109;02, PLACE CHARLES GARNIE;;;;750
201300051760;13;5;13;1900;1;2;5;1.0;3;109;27, RUE DE ROCHECHOUART;;;;750
201300051768;13;5;23;1425;1;2;5;1.0;3;109;29, RUE DROUOT;;;;750
201300051774;13;5;27;1210;1;2;1;1.0;2;109;53, RUE DE CHATEAUDUN;;;;750
201300051781;13;6;13;2000;1;2;5;1.0;3;109;RUE DE ROCHECHOUART;;;;750
201300051791;13;6;26;813;1;2;7;1.0;3;109;15, BOULEVARD DE CLICHY;;;;750
201300051795;13;7;1;1730;1;2;2;1.0;7;109;43, RUE LE PELETIER;;;;750
201300051806;13;7;19;2142;2;2;7;1.0;6;109;1, PLACE D ESTIENNE D OR;;;;750
201300051816;13;8;17;1850;1;2;3;1.0;3;109;35, RUE LAMARTINE;;;;750
201300051817;13;8;19;1835;1;2;1;1.0;3;109;92, RUE LA FAYETTE;;;;750
201300051832;13;9;24;950;1;2;2;1.0;3;109;38, RUE DE CHATEAUDUN;;;;750
201300051833;13;9;24;1209;1;2;2;1.0;7;109;7, RUE DE MAUBEUGE;;;;750
201300051837;13;9;30;1845;1;2;5;1.0;3;109;AVENUE TRUDAINE;;;;750
201300051841;13;10;7;950;1;2;1;1.0;2;109;43, RUE RICHER;;;;750
201300051845;13;10;11;2120;5;2;7;1.0;6;109;39, BOULEVARD DE ROCHECH;;;;750
201300051847;13;10;16;840;1;2;1;1.0;2;109;99, RUE SAINT LAZARE;;;;750
201300051852;13;10;24;835;1;2;2;1.0;3;109;15, RUE SAINT LAZARE;;;;750
201300051878;13;11;30;1325;1;2;2;1.0;3;109;91, RUE LA FAYETTE;;;;750
201300051887;13;12;16;2210;5;2;2;1.0;2;109;46, BOULEVARD HAUSSMANN;;;;750
201300051899;13;1;10;2105;5;2;5;8.0;3;110;2, BOULEVARD SAINT DENIS;;;;750
201300051907;13;1;15;1430;1;2;1;2.0;3;110;20, RUE DES ECLUSES SAIN;;;;750
201300051915;13;1;23;1040;1;2;1;1.0;3;110;164, BOULEVARD DE MAGENT;;;;750
201300051921;13;1;30;1420;1;2;2;1.0;3;110;93, RUE SAINT MAUR;;;;750
201300051922;13;2;1;730;5;2;1;2.0;6;110;119, RUE LA FAYETTE;;;;750
201300051940;13;2;21;1420;1;2;5;1.0;3;110;148, RUE DU FAUBOURG SAI;;;;750
201300051945;13;3;3;1125;1;2;1;1.0;2;110;77, RUE DU FAUBOURG SAIN;;;;750
201300051947;13;3;3;1210;1;2;2;1.0;1;110;35, BOULEVARD DE LA CHAP;;;;750
201300051954;13;3;5;2315;5;2;3;1.0;3;110;40, RUE DU CHATEAU D EAU;;;;750
201300051959;13;3;20;1410;1;2;2;1.0;6;110;46, RUE DU FAUBOURG SAIN;;;;750
201300051963;13;3;21;1835;2;2;2;1.0;6;110;64, BOULEVARD DE MAGENTA;;;;750
201300051964;13;3;22;105;5;2;3;1.0;6;110;01, RUE DE METZ;;;;750
201300051966;13;3;27;1750;1;2;3;1.0;3;110;43, RUE DU FAUBOURG SAIN;;;;750
201300051970;13;3;30;2300;5;2;2;1.0;1;110;202, RUE LA FAYETTE;;;;750
201300051972;13;4;5;1505;1;2;1;1.0;3;110;RUE BEAUREPAIRE;;;;750
201300051973;13;4;6;1440;1;2;1;1.0;3;110;61, BOULEVARD DE MAGENTA;;;;750
201300051984;13;4;17;1735;1;2;3;1.0;3;110;138, RUE DU FAUBOURG SAI;;;;750
201300051989;13;4;24;1425;1;2;1;1.0;3;110;59, QUAI DE VALMY;;;;750
201300051990;13;4;25;1410;1;2;1;1.0;6;110;44, RUE DES VINAIGRIERS;;;;750
201300051994;13;4;30;910;1;2;1;1.0;2;110;45, RUE DU CHATEAU D EAU;;;;750
201300051999;13;5;2;1940;1;2;1;1.0;3;110;165, BOULEVARD DE LA VIL;;;;750
201300052007;13;5;10;1930;1;2;1;1.0;3;110;4, BOULEVARD SAINT MARTI;;;;750
201300052008;13;5;11;1020;1;2;1;1.0;6;110;25, BOULEVARD DE LA VILL;;;;750
201300052013;13;5;16;2000;1;2;3;1.0;3;110;21, BOULEVARD DE MAGENTA;;;;750
201300052016;13;5;21;1005;1;2;1;2.0;6;110;187, QUAI DE VALMY;;;;750
201300052017;13;5;21;1340;1;2;4;2.0;5;110;02, RUE DU CHATEAU LANDO;;;;750
201300052019;13;5;21;1450;1;2;2;1.0;3;110;31, QUAI DE VALMY;;;;750
201300052020;13;5;21;1550;1;2;4;2.0;3;110;21, BOULEVARD DE MAGENTA;;;;750
201300052030;13;5;29;1400;1;2;7;1.0;6;110;25, BOULEVARD DE MAGENTA;;;;750
201300052034;13;6;1;1215;1;2;2;1.0;6;110;83, QUAI DE VALMY;;;;750
201300052047;13;6;13;1000;1;2;1;2.0;6;110;123, RUE LA FAYETTE;;;;750
201300052055;13;6;20;1755;1;2;1;1.0;7;110;149, BOULEVARD DE MAGENT;;;;750
201300052056;13;6;20;1645;1;2;1;1.0;1;110;99, BOULEVARD DE MAGENTA;;;;750
201300052060;13;6;26;1400;1;2;2;1.0;2;110;28, RUE LOUIS BLANC;;;;750
201300052064;13;7;2;2245;5;2;1;1.0;6;110;97, RUE LA FAYETTE;;;;750
201300052067;13;7;4;1900;1;2;1;1.0;3;110;04, AVENUE CLAUDE VELLEF;;;;750
201300052069;13;7;6;130;5;2;7;1.0;3;110;123, BOULEVARD DE MAGENT;;;;750
201300052070;13;7;10;800;1;2;2;1.0;3;110;87, QUAI DE VALMY;;;;750
201300052087;13;7;27;400;5;2;2;1.0;3;110;62, BOULEVARD DE MAGENTA;;;;750
201300052090;13;7;29;1810;1;2;2;1.0;3;110;149, BOULEVARD DE LA VIL;;;;750
201300052097;13;8;9;2345;5;2;2;1.0;3;110;115, RUE DU FAUBOURG SAI;;;;750
201300052098;13;8;10;2005;1;2;2;1.0;3;110;18, BOULEVARD DE STRASBO;;;;750
201300052106;13;8;26;2340;5;2;7;1.0;3;110;230, RUE LA FAYETTE;;;;750
201300052110;13;8;29;1300;1;2;1;1.0;6;110;74, QUAI DE JEMMAPES;;;;750
201300052111;13;8;29;1850;1;2;1;1.0;6;110;RUE DES ECLUSES SAINT MA;;;;750
201300052112;13;9;3;1900;1;2;1;1.0;3;110;25, RUE DE PARADIS;;;;750
201300052113;13;9;4;935;1;2;3;1.0;7;110;169, QUAI DE VALMY;;;;750
201300052129;13;9;20;1615;1;2;1;1.0;3;110;90, QUAI DE JEMMAPES;;;;750
201300052132;13;9;22;1640;1;2;1;1.0;3;110;13, RUE DES RECOLLETS;;;;750
201300052133;13;9;23;1130;1;2;2;1.0;6;110;36, BOULEVARD DE STRASBO;;;;750
201300052135;13;9;25;850;1;2;1;1.0;7;110;64, QUAI DE JEMMAPES;;;;750
201300052137;13;9;26;1255;1;2;2;1.0;3;110;28, BOULEVARD DE BONNE N;;;;750
201300052139;13;9;29;1730;1;2;1;1.0;3;110;147, RUE DU FAUBOURG SAI;;;;750
201300052141;13;10;3;1430;1;2;2;1.0;2;110;32, BOULEVARD DE STRASBO;;;;750
201300052145;13;10;7;1845;2;2;5;1.0;6;110;71, QUAI DE VALMY;;;;750
201300052152;13;10;14;900;1;2;5;1.0;3;110;173, BOULEVARD DE LA VIL;;;;750
201300052162;13;10;26;1615;1;2;2;8.0;3;110;53, RUE LOUIS BLANC;;;;750
201300052164;13;10;28;1745;5;2;1;1.0;1;110;61, RUE LOUIS BLANC;;;;750
201300052176;13;11;8;1855;5;2;2;2.0;3;110;63, RUE DU FAUBOURG SAIN;;;;750
201300052194;13;11;30;1000;1;2;1;1.0;2;110;80, QUAI DE JEMMAPES;;;;750
201300052195;13;12;1;1000;1;2;1;1.0;2;119;09, PLACE DE STALINGRAD;;;;750
201300052215;13;1;2;1510;1;2;2;1.0;6;111;117, RUE DE LA ROQUETTE;;;;750
201300052218;13;1;9;925;1;2;2;8.0;3;111;4, RUE JEAN PIERRE TIMBA;;;;750
201300052232;13;1;25;140;5;2;1;1.0;6;111;27, AVENUE PARMENTIER;;;;750
201300052253;13;2;20;854;1;2;2;1.0;2;111;81, BOULEVARD DE MENILMO;;;;750
201300052259;13;2;28;215;5;2;7;2.0;6;111;2, BOULEVARD BEAUMARCHAI;;;;750
201300052268;13;3;9;1155;1;2;3;1.0;6;111;94, RUE DE CHARONNE;;;;750
201300052273;13;3;19;2110;5;2;2;2.0;1;110;106, AVENUE PARMENTIER;;;;750
201300052277;13;3;24;140;5;2;2;1.0;3;111;BOULEVARD DE BELLEVILLE;;;;750
201300052278;13;3;25;1950;5;2;5;1.0;3;111;27, BOULEVARD DE MENILMO;;;;750
201300052284;13;4;7;1000;1;2;1;1.0;3;111;50, BOULEVARD DU TEMPLE;;;;750
201300052294;13;4;14;115;5;2;1;1.0;2;111;95, RUE DU FAUBOURG SAIN;;;;750
201300052298;13;4;18;2210;5;2;1;2.0;2;111;90, AVENUE DE LA REPUBLI;;;;750
201300052300;13;4;20;1700;1;2;1;1.0;3;111;121, RUE DE MONTREUIL;;;;750