Num_Acc;an;mois;jour;hrmn;lum;agg;int;atm;col;com;adr;gps;lat;long;dep
201300052307;13;4;27;1400;1;2;1;1.0;6;111;110/114, RUE JEAN PIERRE;;;;750
201300052313;13;5;3;2040;1;2;1;1.0;6;111;97, RUE DE CHARONNE;;;;750
201300052314;13;5;6;1300;1;2;2;8.0;6;111;66, RUE DE LA ROQUETTE;;;;750
201300052321;13;5;16;2000;1;2;3;1.0;3;111;43, RUE FAIDHERBE;;;;750
201300052329;13;5;21;835;1;2;2;2.0;3;111;4, RUE JEAN PIERRE TIMBA;;;;750
201300052340;13;5;27;1130;1;2;1;1.0;6;111;10, RUE DU COMMANDANT LA;;;;750
201300052343;13;5;29;2050;2;2;1;3.0;6;111;60, BOULEVARD RICHARD LE;;;;750
201300052345;13;5;31;1400;1;2;2;1.0;3;111;78, RUE SAINT MAUR;;;;750
201300052347;13;6;1;120;5;2;1;1.0;6;111;90, BOULEVARD VOLTAIRE;;;;750
201300052348;13;6;3;900;1;2;3;1.0;3;111;136, AVENUE PARMENTIER;;;;750
201300052351;13;6;5;910;1;2;2;1.0;3;111;46, RUE JEAN PIERRE TIMB;;;;750
201300052352;13;6;5;840;1;2;1;1.0;7;111;12, BOULEVARD RICHARD LE;;;;750
201300052354;13;6;8;1755;1;2;1;1.0;3;111;123-125, AVENUE PHILIPPE;;;;750
201300052367;13;6;14;1530;1;2;2;1.0;3;111;62, AVENUE PHILIPPE AUGU;;;;750
201300052373;13;6;18;920;2;2;1;1.0;2;111;16, RUE LEON FROT;;;;750
201300052378;13;6;22;220;5;2;3;1.0;2;111;14, RUE FAIDHERBE;;;;750
201300052380;13;6;24;1200;1;2;1;1.0;2;111;92, AVENUE PHILIPPE AUGU;;;;750
201300052381;13;6;25;1600;1;2;1;1.0;6;111;89, RUE DU FAUBOURG SAIN;;;;750
201300052384;13;6;26;1954;1;2;1;1.0;3;111;95, RUE DU FAUBOURG SAIN;;;;750
201300052387;13;6;28;40;5;2;3;1.0;2;111;RUE DU FAUBOURG SAINT AN;;;;750
201300052390;13;6;28;1725;1;2;2;1.0;3;111;85, BOULEVARD RICHARD LE;;;;750
201300052395;13;7;1;855;1;2;2;1.0;3;111;0, RUE DE CHARONNE;;;;750
201300052406;13;7;8;15;5;2;2;1.0;3;111;2, RUE DE LA PRESENTATIO;;;;750
201300052408;13;7;8;2125;1;2;2;1.0;3;111;54, BOULEVARD BEAUMARCHA;;;;750
201300052415;13;7;11;1735;1;2;1;1.0;6;111;134, BOULEVARD VOLTAIRE;;;;750
201300052418;13;7;13;1410;1;2;5;1.0;3;120;1, BOULEVARD DE MENILMON;;;;750
201300052431;13;7;19;1020;1;2;3;1.0;2;111;243, BOULEVARD VOLTAIRE;;;;750
201300052433;13;7;20;110;5;2;2;1.0;3;111;161, BOULEVARD VOLTAIRE;;;;750
201300052446;13;8;11;55;5;2;3;1.0;6;111;34, RUE DE LA FOLIE REGN;;;;750
201300052459;13;9;2;2320;5;2;1;1.0;7;111;129, BOULEVARD DE MENILM;;;;750
201300052463;13;9;3;755;1;2;2;1.0;3;111;287, RUE DU FAUBOURG SAI;;;;750
201300052475;13;9;11;905;1;2;1;1.0;3;111;54, BOULEVARD DU TEMPLE;;;;750
201300052487;13;9;19;1735;1;2;1;1.0;2;111;81, RUE DU FAUBOURG SAIN;;;;750
201300052490;13;9;24;855;1;2;3;1.0;3;111;23, RUE DU FAUBOURG SAIN;;;;750
201300052496;13;9;27;1305;1;2;5;1.0;3;111;101, BOULEVARD RICHARD L;;;;750
201300052503;13;10;1;1010;1;2;3;1.0;3;111;59, RUE DU FAUBOURG SAIN;;;;750
201300052519;13;10;13;405;5;2;1;1.0;2;111;48, BOULEVARD VOLTAIRE;;;;750
201300052522;13;10;15;745;1;2;1;1.0;2;111;20, RUE MORET;;;;750
201300052523;13;10;15;1905;3;2;2;1.0;3;111;16, RUE BREGUET;;;;750
201300052529;13;10;19;1530;1;2;1;1.0;2;111;175, RUE DE CHARONNE;;;;750
201300052539;13;10;28;1520;1;2;3;1.0;3;111;10, PLACE DE LA REPUBLIQ;;;;750
201300052547;13;11;6;1910;5;2;2;1.0;6;111;85, BOULEVARD RICHARD LE;;;;750
201300052549;13;11;9;1000;1;2;2;1.0;3;111;41, RUE OBERKAMPF;;;;750
201300052555;13;11;19;5;5;2;2;1.0;2;111;73, BOULEVARD DE BELLEVI;;;;750
201300052557;13;11;19;1755;5;2;1;1.0;2;111;70, RUE DU CHEMIN VERT;;;;750
201300052569;13;12;6;830;1;2;1;1.0;3;111;49, AVENUE DE LA REPUBLI;;;;750
201300052575;13;12;13;915;1;2;2;8.0;7;111;59, BOULEVARD DE BELLEVI;;;;750
201300052597;13;1;12;1100;1;2;2;1.0;6;112;35, RUE DE REUILLY;;;;750
201300052623;13;1;31;1830;2;2;1;2.0;5;112;0, AVENUE DE GRAVELLE;;;;750
201300052634;13;2;13;925;1;2;2;1.0;6;112;RUE DE CHARENTON;;;;750
201300052637;13;2;15;1945;3;2;4;1.0;2;112;AVENUE DAUMESNIL;;;;750
201300052641;13;2;17;1335;1;2;4;1.0;3;112;52, BOULEVARD DIDEROT;;;;750
201300052662;13;3;7;1545;1;2;1;1.0;3;112;98bis, COURS DE VINCENNE;;;;750
201300052663;13;3;7;1945;5;2;2;1.0;3;112;80, COURS DE VINCENNES;;;;750
201300052685;13;4;3;1800;1;2;2;1.0;3;112;AVENUE DAUMESNIL;;;;750
201300052693;13;4;17;910;1;2;7;1.0;2;112;1, ROUTE ROYALE DE BEAUT;;;;750
201300052696;13;4;18;955;1;2;1;1.0;6;112;52, RUE DE WATTIGNIES;;;;750
201300052698;13;4;18;2310;5;2;3;1.0;1;112;RUE DE RAMBOUILLET;;;;750
201300052702;13;4;20;930;1;2;5;1.0;3;112;69, AVENUE DE SAINT MAND;;;;750
201300052703;13;4;21;1110;1;2;3;1.0;7;112;ROUTE DU PESAGE;;;;750
201300052704;13;4;22;1730;1;2;1;1.0;3;112;17, RUE DU SAHEL;;;;750
201300052707;13;4;25;1025;1;2;1;1.0;6;112;189, RUE DE CHARENTON;;;;750
201300052723;13;5;12;1600;1;2;7;1.0;2;112;1, ROUTE DE BOURDON;;;;750
201300052724;13;5;13;1650;1;2;7;1.0;6;112;280, RUE DU FAUBOURG SAI;;;;750
201300052745;13;6;1;1000;1;2;1;1.0;3;112;ROUTE ROYALE DE BEAUTE;;;;750
201300052746;13;6;2;1800;1;2;1;1.0;1;112;ROUTE DE LA DEMI LUNE;;;;750
201300052755;13;6;8;2150;5;2;2;1.0;3;112;132, BOULEVARD DIDEROT;;;;750
201300052756;13;6;10;830;1;2;1;8.0;3;112;BOULEVARD DE LA GUYANE;;;;750
201300052762;13;6;15;1230;1;2;1;1.0;7;112;AVENUE DAUMESNIL;;;;750
201300052763;13;6;16;1625;1;2;1;1.0;6;112;3, RUE RONDELET;;;;750
201300052765;13;6;18;1735;1;2;1;1.0;1;112;QUAI DE BERCY;;;;750
201300052771;13;6;20;950;1;2;1;1.0;7;112;11, RUE DE WATTIGNIES;;;;750
201300052772;13;6;21;1710;1;2;1;1.0;5;112;RUE VAN GOGH;;;;750
201300052774;13;6;26;1125;1;2;2;1.0;2;112;13, AVENUE DAUMESNIL;;;;750
201300052776;13;6;27;2115;2;2;5;1.0;2;112;RUE DU FAUBOURG SAINT AN;;;;750
201300052792;13;7;15;1650;1;2;4;1.0;1;112;., AVENUE DE GRAVELLE;;;;750
201300052794;13;7;16;2315;3;2;2;1.0;3;112;BOULEVARD SOULT;;;;750
201300052797;13;7;20;1745;1;2;1;1.0;7;112;267, AVENUE DAUMESNIL;;;;750
201300052798;13;7;20;2230;5;2;2;1.0;3;112;RUE DU FAUBOURG SAINT AN;;;;750
201300052801;13;7;24;1700;1;2;1;1.0;7;112;254, AVENUE DAUMESNIL;;;;750
201300052813;13;8;5;1205;1;2;3;1.0;3;112;12, RUE SIBUET;;;;750
201300052814;13;8;4;1941;1;2;2;1.0;7;112;AVENUE LEDRU ROLLIN;;;;750
201300052817;13;8;8;1525;1;2;3;1.0;3;112;218, AVENUE DAUMESNIL;;;;750
201300052823;13;8;12;2040;1;2;7;1.0;3;112;01, PLACE EDOUARD RENARD;;;;750
201300052824;13;8;14;1620;1;2;5;1.0;3;112;210, RUE DE BERCY;;;;750
201300052836;13;8;28;1800;1;2;1;1.0;7;112;BOULEVARD DE LA GUYANE;;;;750
201300052842;13;9;3;1855;1;2;1;1.0;3;112;209, RUE DE BERCY;;;;750
201300052845;13;9;8;2200;5;2;7;1.0;2;111;PLACE DE LA BASTILLE;;;;750
201300052853;13;9;17;910;1;2;1;1.0;2;112;ROUTE DE CEINTURE DU LAC;;;;750
201300052856;13;9;20;745;1;2;3;1.0;3;111;70, RUE DU FAUBOURG SAIN;;;;750
201300052857;13;9;20;2130;5;2;2;1.0;3;112;97, BOULEVARD DIDEROT;;;;750
201300052863;13;9;22;1440;1;2;2;1.0;3;112;AVENUE DAUMESNIL;;;;750
201300052865;13;9;23;1455;1;2;2;1.0;3;112;QUAI DE BERCY;;;;750
201300052869;13;9;26;1930;5;2;1;1.0;1;112;38, BOULEVARD DE BERCY;;;;750
201300052876;13;10;1;1800;1;2;1;1.0;3;112;4 bis, BOULEVARD DIDEROT;;;;750
201300052877;13;10;2;1215;1;2;1;1.0;6;112;19, BOULEVARD DE REUILLY;;;;750
201300052878;13;10;2;1250;1;2;6;1.0;3;112;66, BOULEVARD DE PICPUS;;;;750
201300052879;13;10;3;1040;1;2;7;1.0;3;112;PLACE DE LA NATION;;;;750
201300052890;13;10;14;1945;5;2;1;2.0;3;112;28, RUE DU FAUBOURG SAIN;;;;750
201300052891;13;10;15;920;1;2;1;1.0;6;112;ROUTE CIRCULAIRE;;;;750
201300052898;13;10;21;1635;1;2;3;1.0;3;112;BOULEVARD DIDEROT;;;;750
201300052899;13;10;21;1700;1;2;1;1.0;7;112;18, BOULEVARD PONIATOWSK;;;;750
201300052902;13;10;25;1225;1;2;1;1.0;3;112;248, RUE DE CHARENTON;;;;750
201300052906;13;10;31;1030;1;2;1;1.0;2;112;77, RUE DE BERCY;;;;750
201300052910;13;11;1;1045;1;2;1;2.0;3;112;103 bis, RUE DE REUILLY;;;;750
201300052917;13;11;4;1925;5;2;1;1.0;3;112;2, AVENUE DE SAINT MANDE;;;;750
201300052919;13;11;5;2150;5;2;1;1.0;3;112;40, BOULEVARD DE BERCY;;;;750
201300052933;13;11;14;1823;5;2;1;2.0;6;112;130, RUE DE LYON;;;;750
201300052938;13;11;15;1845;5;2;1;1.0;3;112;266, AVENUE DAUMESNIL;;;;750
201300052948;13;11;21;1445;1;2;2;1.0;6;112;239, RUE DE CHARENTON;;;;750
201300052951;13;11;22;1100;1;2;2;1.0;3;112;AVENUE DAUMESNIL;;;;750
201300052952;13;11;22;1925;5;2;3;1.0;3;112;53, AVENUE DAUMESNIL;;;;750
201300052978;13;12;8;135;5;2;3;1.0;2;112;50, RUE DE CHARENTON;;;;750
201300052986;13;12;21;1800;5;2;1;1.0;6;112;1, RUE DU RENDEZ VOUS;;;;750
201300053003;13;1;11;1135;1;2;2;1.0;6;113;10, RUE DE TOLBIAC;;;;750
201300053009;13;1;17;1535;1;2;5;1.0;3;113;100, BOULEVARD AUGUSTE B;;;;750
201300053013;13;1;25;900;1;2;1;1.0;3;113;91, RUE BARRAULT;;;;750
201300053014;13;1;28;850;1;2;3;1.0;3;113;61, BOULEVARD VINCENT AU;;;;750
201300053019;13;1;31;1940;5;2;5;1.0;7;113;65, RUE DE L AMIRAL MOUC;;;;750
201300053031;13;2;8;1300;1;2;2;1.0;6;113;BOULEVARD DE L HOPITAL;;;;750
201300053039;13;2;16;205;5;2;1;1.0;5;113;9, BOULEVARD DE L HOPITA;;;;750
201300053043;13;2;22;1010;1;2;1;1.0;2;113;42, RUE PASCAL;;;;750
201300053055;13;3;17;1220;1;2;4;1.0;6;113;52, BOULEVARD AUGUSTE BL;;;;750
201300053058;13;3;24;1510;1;2;1;1.0;2;113;1, RUE DE LA FONTAINE A;;;;750
201300053063;13;3;30;1410;1;2;1;1.0;2;113;88, RUE JEANNE D ARC;;;;750
201300053084;13;4;22;1730;1;2;1;1.0;3;113;85, RUE BOBILLOT;;;;750
201300053094;13;5;14;1740;1;2;2;1.0;6;113;41, RUE DU MOULIN DE LA;;;;750
201300053098;13;5;18;1140;1;2;2;1.0;3;113;13, AVENUE DE LA PORTE D;;;;750
201300053114;13;6;7;1435;1;2;7;1.0;6;113;12 bis, PLACE D ITALIE;;;;750
201300053122;13;6;12;1800;1;2;3;1.0;3;113;22, BOULEVARD VINCENT AU;;;;750
201300053151;13;7;8;1740;1;2;1;1.0;6;113;18, QUAI D AUSTERLITZ;;;;750
201300053156;13;7;11;755;1;2;2;1.0;6;113;AVENUE D ITALIE;;;;750
201300053160;13;7;15;1615;1;2;3;1.0;3;113;QUAI PANHARD ET LEVASSOR;;;;750
201300053168;13;7;23;1835;1;2;1;1.0;2;113;108, RUE DE TOLBIAC;;;;750
201300053172;13;7;29;2240;5;2;5;1.0;3;113;AVENUE DE LA PORTE D ITA;;;;750
201300053177;13;8;2;2010;1;2;5;1.0;2;113;RUE DE TOLBIAC;;;;750
201300053189;13;8;20;1410;1;2;5;1.0;7;113;135, RUE DE TOLBIAC;;;;750
201300053195;13;8;29;1945;1;2;1;1.0;3;113;40, BOULEVARD AUGUSTE BL;;;;750
201300053198;13;9;6;850;1;2;2;2.0;3;105;21, BOULEVARD SAINT MICH;;;;750
201300053199;13;9;6;1750;1;2;3;1.0;6;113;29, BOULEVARD MASSENA;;;;750
201300053200;13;9;8;1915;1;2;2;1.0;1;113;RUE JEANNE D ARC;;;;750
201300053203;13;9;10;2310;5;2;2;1.0;7;113;39, RUE DE L ESPERANCE;;;;750
201300053206;13;9;13;1140;1;2;1;2.0;3;113;20, AVENUE D IVRY;;;;750
201300053214;13;9;16;1820;1;2;1;2.0;3;113;63, BOULEVARD KELLERMANN;;;;750
201300053219;13;9;20;2257;5;2;1;1.0;7;113;122, RUE DE TOLBIAC;;;;750
201300053220;13;9;22;1720;1;2;1;1.0;3;113;134, AVENUE D ITALIE;;;;750
201300053222;13;9;24;900;1;2;5;1.0;3;113;1, AVENUE PIERRE MENDES;;;;750
201300053227;13;9;25;1800;1;2;3;1.0;1;113;QUAI FRANCOIS MAURIAC;;;;750
201300053247;13;10;9;2300;5;2;7;1.0;3;113;1, PLACE VALHUBERT;;;;750
201300053250;13;10;11;750;1;2;1;2.0;6;113;25, QUAI PANHARD ET LEVA;;;;750
201300053256;13;10;15;2030;5;2;1;1.0;6;113;12, BOULEVARD ARAGO;;;;750
201300053265;13;10;9;1135;1;2;1;1.0;3;113;66, BOULEVARD DE L HOPIT;;;;750
201300053272;13;10;30;1245;1;2;1;1.0;2;113;99-101, AVENUE D IVRY;;;;750
201300053280;13;11;2;800;1;2;3;2.0;3;113;74, RUE JEANNE D ARC;;;;750
201300053285;13;11;6;845;1;2;5;1.0;3;113;2, RUE DE LA BUTTE AUX C;;;;750
201300053288;13;11;9;1115;1;2;1;1.0;6;113;19, RUE CHARCOT;;;;750
201300053291;13;11;10;300;5;2;3;3.0;6;113;50, AVENUE PIERRE MENDES;;;;750
201300053294;13;11;13;1415;1;2;3;1.0;2;113;BOULEVARD KELLERMANN;;;;750
201300053307;13;11;23;1747;5;2;2;1.0;2;113;75, BOULEVARD MASSENA;;;;750
201300053308;13;11;25;1930;5;2;2;1.0;2;113;2, BOULEVARD VINCENT AUR;;;;750
201300053324;13;12;14;1015;1;2;7;1.0;3;113;15, AVENUE DE LA PORTE D;;;;750
201300053338;13;12;20;2045;5;2;3;1.0;3;113;15, AVENUE DE LA PORTE D;;;;750
201300053340;13;12;23;1250;1;2;2;1.0;3;113;15, BOULEVARD MASSENA;;;;750
201300053345;13;12;29;1305;1;2;1;2.0;2;113;55, AVENUE D IVRY;;;;750
201300053349;13;1;7;1005;1;2;3;1.0;3;114;11bis, RUE D ALESIA;;;;750
201300053360;13;1;21;1830;5;2;5;4.0;3;114;AVENUE DE L OBSERVATOIRE;;;;750
201300053366;13;2;3;1030;1;2;1;1.0;3;114;63 BIS, RUE DE LA TOMBE;;;;750
201300053373;13;2;7;820;1;2;3;2.0;6;114;15, AVENUE DU GENERAL LE;;;;750
201300053387;13;2;26;1150;1;2;2;1.0;2;114;15, AVENUE RENE COTY;;;;750
201300053401;13;3;21;650;2;2;1;1.0;6;114;66, RUE DE LA TOMBE ISSO;;;;750
201300053414;13;4;5;825;1;2;2;1.0;7;114;131, BOULEVARD BRUNE;;;;750
201300053419;13;4;15;1805;1;2;2;1.0;3;114;178, AVENUE DU MAINE;;;;750
201300053428;13;4;23;1430;1;2;3;1.0;2;114;100, RUE DE LA SANTE;;;;750
201300053430;13;4;25;1350;1;2;7;1.0;3;114;PLACE DE CATALOGNE;;;;750
201300053436;13;5;17;15;5;2;5;1.0;6;114;61, RUE D ALESIA;;;;750
201300053437;13;5;16;1720;1;2;7;2.0;7;114;PLACE VICTOR BASCH;;;;750
201300053447;13;5;28;1725;1;2;3;1.0;3;114;, AVENUE DU GENERAL LECL;;;;750
201300053451;13;6;3;1845;1;2;7;1.0;2;114;PLACE DENFERT ROCHEREAU;;;;750
201300053452;13;6;4;835;1;2;1;1.0;3;114;31, RUE D ALESIA;;;;750
201300053460;13;6;6;900;1;2;1;1.0;5;114;291, BOULEVARD RASPAIL;;;;750
201300053464;13;6;12;1920;1;2;3;8.0;6;114;5, RUE JACQUIER;;;;750
201300053473;13;6;20;1045;1;2;2;2.0;1;114;60, BOULEVARD BRUNE;;;;750
201300053474;13;6;20;1830;1;2;1;1.0;6;114;61, RUE VERCINGETORIX;;;;750
201300053476;13;6;23;1350;1;2;2;1.0;3;114;174, AVENUE DU MAINE;;;;750
201300053483;13;7;5;900;1;2;1;1.0;3;114;78, AVENUE DU MAINE;;;;750
201300053507;13;8;10;1750;1;2;1;1.0;7;114;6, RUE NANSOUTY;;;;750
201300053511;13;8;19;1420;1;2;4;1.0;3;114;199, AVENUE DU MAINE;;;;750
201300053515;13;8;22;1905;1;2;3;1.0;3;114;15, AVENUE PAUL APPELL;;;;750
201300053517;13;8;27;830;1;2;5;1.0;2;114;11, RUE DE L OUEST;;;;750
201300053535;13;9;17;1845;1;2;1;2.0;3;114;37, RUE DU DEPART;;;;750
201300053542;13;9;26;920;1;2;1;1.0;6;114;SQUARE DE L ASPIRANT DUN;;;;750
201300053545;13;9;27;2305;5;2;5;1.0;3;114;27, RUE DU DEPART;;;;750
201300053549;13;9;30;1645;1;2;3;1.0;2;114;4, AVENUE REILLE;;;;750
201300053557;13;10;7;1545;1;2;1;1.0;2;114;198, RUE D ALESIA;;;;750
201300053559;13;10;8;1215;1;2;1;1.0;3;114;21-23, RUE FROIDEVAUX;;;;750
201300053562;13;10;11;30;5;2;7;9.0;3;114;77, AVENUE DU GENERAL LE;;;;750
201300053563;13;10;11;840;1;2;7;2.0;3;114;AVENUE DU GENERAL LECLER;;;;750
201300053564;13;10;15;900;1;2;3;1.0;6;114;12, AVENUE DE LA PORTE D;;;;750
201300053569;13;10;18;1050;1;2;3;8.0;6;114;65, RUE DE L OUEST;;;;750
201300053570;13;10;18;1155;1;2;1;1.0;2;114;18, AVENUE DE LA PORTE D;;;;750
201300053595;13;11;14;1505;2;2;1;1.0;6;114;36, RUE DES PLANTES;;;;750
201300053618;13;12;12;1115;1;2;1;1.0;7;114;102, BOULEVARD ARAGO;;;;750
201300053647;13;1;27;250;5;2;1;1.0;6;115;52, BOULEVARD DE VAUGIRA;;;;750
201300053648;13;1;27;1915;5;2;2;1.0;3;115;30, RUE DE L EGLISE;;;;750
201300053680;13;3;5;855;1;2;7;1.0;6;115;1, BOULEVARD LEFEBVRE;;;;750
201300053691;13;3;28;1135;1;2;5;8.0;3;107;33, QUAI D ORSAY;;;;750
201300053698;13;4;11;850;1;2;1;1.0;6;115;285, RUE DE VAUGIRARD;;;;750
201300053699;13;4;11;1000;1;2;1;1.0;2;115;74, RUE DU THEATRE;;;;750
201300053705;13;4;20;1135;1;2;1;1.0;3;115;18, BOULEVARD DE GRENELL;;;;750
201300053728;13;5;21;2300;5;2;2;1.0;3;115;22, RUE DE L ABBE GROULT;;;;750
201300053729;13;5;22;1155;1;2;1;1.0;7;115;17, BOULEVARD GARIBALDI;;;;750
201300053740;13;5;31;1645;1;2;1;1.0;6;115;9, BOULEVARD DE GRENELLE;;;;750
201300053745;13;6;3;920;1;2;1;1.0;3;115;103, QUAI BRANLY;;;;750
201300053749;13;6;4;1935;1;2;7;1.0;6;115;2, RUE DE LA CROIX NIVER;;;;750
201300053752;13;6;7;1420;1;2;7;1.0;3;115;7, ROND POINT DU PONT MI;;;;750
201300053755;13;6;10;1310;1;2;1;1.0;3;115;13, BOULEVARD GARIBALDI;;;;750
201300053758;13;6;13;1120;1;2;1;2.0;6;115;22, RUE BLOMET;;;;750
201300053759;13;6;13;1810;1;2;1;1.0;3;115;202, RUE DE LA CONVENTIO;;;;750
201300053760;13;6;14;1805;1;2;1;1.0;6;115;14, RUE DU COMMERCE;;;;750
201300053783;13;7;7;1200;1;2;1;1.0;3;115;11, BOULEVARD GARIBALDI;;;;750
201300053796;13;7;19;1650;1;2;1;1.0;3;115;250, RUE DE LA CONVENTIO;;;;750
201300053799;13;7;23;1500;1;2;1;2.0;2;115;41, RUE DES MORILLONS;;;;750
201300053804;13;7;27;1325;1;2;7;1.0;3;115;01, RUE DE LA CONVENTION;;;;750
201300053811;13;8;1;2025;1;2;1;1.0;2;115;50, BOULEVARD LEFEBVRE;;;;750
201300053815;13;8;8;915;1;2;3;1.0;3;115;195, RUE DE VAUGIRARD;;;;750
201300053817;13;8;11;1245;1;2;1;1.0;2;115;219, RUE DE LA CROIX NIV;;;;750
201300053822;13;8;20;1825;1;2;2;1.0;1;115;38, RUE LINOIS;;;;750
201300053829;13;8;28;2010;2;2;1;1.0;3;115;33, BOULEVARD GENERAL MA;;;;750
201300053834;13;9;2;840;1;2;7;1.0;3;115;PLACE DES INSURGES DE VA;;;;750
201300053841;13;9;6;1005;1;2;2;2.0;3;115;44, AVENUE FELIX FAURE;;;;750
201300053849;13;9;11;1915;2;2;7;1.0;3;115;PLACE CAMBRONNE;;;;750
201300053859;13;9;21;1825;1;2;2;1.0;3;115;54, RUE DE VOUILLE;;;;750
201300053860;13;9;22;1710;1;2;3;1.0;3;115;QUAI DE GRENELLE;;;;750
201300053863;13;9;25;810;1;2;3;1.0;2;115;1 bis, RUE EMILE DUCLAUX;;;;750
201300053866;13;9;26;1840;1;2;1;1.0;2;115;17, BOULEVARD DE GRENELL;;;;750
201300053867;13;9;27;910;1;2;1;1.0;3;115;76, RUE MADEMOISELLE;;;;750
201300053868;13;9;27;1700;1;2;3;1.0;3;115;399, RUE DE VAUGIRARD;;;;750
201300053896;13;10;24;1505;1;2;1;1.0;3;115;RUE DE VAUGIRARD;;;;750
201300053901;13;10;28;1905;5;2;1;1.0;2;115;58, BOULEVARD DU MONTPAR;;;;750
201300053904;13;10;29;1810;5;2;1;1.0;7;115;91, QUAI BRANLY;;;;750
201300053906;13;11;2;1258;1;2;5;2.0;7;115;84, RUE CAMBRONNE;;;;750
201300053921;13;11;15;800;1;2;5;1.0;3;115;RUE CAMBRONNE;;;;750
201300053949;13;12;9;1205;1;2;1;1.0;3;115;34, BOULEVARD DE GRENELL;;;;750
201300053957;13;12;17;1255;1;2;7;1.0;6;115;35, QUAI ANDRE CITROEN;;;;750
201300054018;13;2;14;1845;5;2;1;2.0;6;116;23, BOULEVARD SUCHET;;;;750
201300054023;13;2;20;1735;2;2;1;1.0;6;116;PLACE DE LA PORTE MAILLO;;;;750
201300054057;13;3;20;2040;5;2;7;1.0;3;116;PLACE DU MARECHAL DE LAT;;;;750
201300054069;13;4;2;910;1;2;1;1.0;3;116;71, AVENUE KLEBER;;;;750
201300054070;13;4;2;2010;1;2;1;1.0;7;116;ROUTE DE SEVRES A NEUILL;;;;750
201300054089;13;4;25;2000;1;2;1;1.0;3;116;ROUTE DES TRIBUNES;;;;750
201300054094;13;4;27;2005;2;2;1;1.0;6;116;7bis, RUE DE BOULAINVILL;;;;750
201300054101;13;5;5;300;5;2;7;1.0;3;116;PLACE CLEMENT ADER;;;;750
201300054105;13;5;8;1850;1;2;1;1.0;6;116;AVENUE DE L HIPPODROME;;;;750
201300054111;13;5;15;1025;1;2;1;1.0;2;116;2, ROUTE DES TRIBUNES;;;;750
201300054145;13;6;6;1750;1;2;1;1.0;3;116;100, AVENUE RAYMOND POIN;;;;750
201300054147;13;6;7;900;1;2;1;1.0;6;116;XVI-9497, ROUTE DE SURES;;;;750
201300054160;13;6;13;1300;1;2;1;2.0;6;116;CHEMIN DE CEINTURE DU LA;;;;750
201300054173;13;6;21;1705;1;2;7;1.0;2;116;3, PLACE VICTOR HUGO;;;;750
201300054181;13;6;27;1300;1;2;1;1.0;4;116;AVENUE DE NEW YORK;;;;750
201300054185;13;6;30;1050;1;2;4;1.0;6;116;ROUTE DE SEVRES A NEUILL;;;;750
201300054198;13;7;11;640;1;2;1;1.0;3;116;ROUTE DE SURESNES;;;;750
201300054202;13;7;12;1515;1;2;2;1.0;3;116;ROUTE DE SEVRES A NEUILL;;;;750
201300054204;13;7;10;2045;1;2;1;1.0;6;116;ROUTE DE SEVRES A NEUILL;;;;750
201300054208;13;7;14;1210;1;2;1;1.0;3;116;ROUTE D AUTEUIL AUX LACS;;;;750
201300054216;13;7;19;1200;1;2;4;1.0;2;116;ROUTE DES TRIBUNES;;;;750
201300054221;13;7;21;1615;1;2;5;1.0;3;116;AVENUE DU PRESIDENT WILS;;;;750
201300054235;13;8;5;2230;5;2;7;1.0;2;116;PLACE CHARLES DE GAULLE;;;;750
201300054238;13;8;10;1150;1;2;3;1.0;2;116;AVENUE FOCH;;;;750
201300054240;13;8;10;1930;1;2;3;1.0;3;116;59, AVENUE DE VERSAILLES;;;;750
201300054241;13;8;12;1840;1;2;1;7.0;4;116;ROUTE DE SEVRES A NEUILL;;;;750
201300054247;13;8;23;1210;1;2;1;1.0;7;116;ROUTE DES TRIBUNES;;;;750