Num_Acc;an;mois;jour;hrmn;lum;agg;int;atm;col;com;adr;gps;lat;long;dep
201300054251;13;8;27;1850;1;2;1;1.0;6;116;ROUTE DES TRIBUNES;;;;750
201300054257;13;9;2;920;1;2;7;1.0;7;116;59, PLACE DE BARCELONE;;;;750
201300054261;13;9;2;1420;1;2;1;1.0;3;116;80, RUE DE LA TOUR;;;;750
201300054263;13;9;2;1915;1;2;1;1.0;7;116;AVENUE DU PRESIDENT KENN;;;;750
201300054267;13;9;4;1600;1;2;2;1.0;6;116;24, AVENUE DE NEW YORK;;;;750
201300054275;13;9;9;833;1;2;2;1.0;3;116;AVENUE DE VERSAILLES;;;;750
201300054289;13;9;15;1145;1;2;1;1.0;6;116;ROUTE DES TRIBUNES;;;;750
201300054298;13;9;19;1300;1;2;1;1.0;6;116;ALLEE JEAN SABLON;;;;750
201300054299;13;9;20;1040;1;2;5;1.0;3;116;1, ROUTE DES TRIBUNES;;;;750
201300054302;13;9;22;1020;1;2;1;1.0;3;116;50, RUE JEAN DE LA FONTA;;;;750
201300054307;13;9;23;1935;2;2;4;1.0;3;116;42, RUE DE BOULAINVILLIE;;;;750
201300054312;13;9;25;1530;1;2;1;1.0;7;116;35, RUE MIRABEAU;;;;750
201300054327;13;10;2;1420;1;2;1;1.0;2;116;83, AVENUE VICTOR HUGO;;;;750
201300054336;13;10;4;1655;1;2;1;1.0;6;116;ROUTE DE SEVRES A NEUILL;;;;750
201300054338;13;10;5;1630;1;2;1;1.0;2;116;77, RUE DE L ASSOMPTION;;;;750
201300054344;13;10;10;1120;1;2;1;8.0;7;116;ROUTE DES TRIBUNES;;;;750
201300054352;13;10;16;2030;5;2;2;2.0;3;116;BOULEVARD EXELMANS;;;;750
201300054355;13;10;19;1030;1;2;1;1.0;4;116;0, ROUTE DES TRIBUNES;;;;750
201300054403;13;11;11;1745;3;2;1;1.0;3;116;ROUTE DES TRIBUNES;;;;750
201300054409;13;11;15;1820;5;2;5;1.0;6;108;AVENUE GABRIEL;;;;750
201300054411;13;11;17;1350;1;2;2;8.0;7;116;39 bis, BOULEVARD EXELMA;;;;750
201300054420;13;11;22;840;1;2;1;1.0;3;116;AVENUE DE L HIPPODROME;;;;750
201300054454;13;12;12;1915;5;2;1;1.0;3;116;131, AVENUE DE VERSAILLE;;;;750
201300054456;13;12;13;1900;2;2;3;2.0;3;116;102, AVENUE RAYMOND POIN;;;;750
201300054491;13;1;9;1410;1;2;1;8.0;3;117;190, AVENUE DE CLICHY;;;;750
201300054541;13;3;1;1900;5;2;1;1.0;2;117;62, AVENUE DES TERNES;;;;750
201300054544;13;3;6;1150;1;2;1;1.0;3;117;26, AVENUE DE LA GRANDE;;;;750
201300054580;13;4;18;2030;5;2;1;1.0;2;117;30 BIS, AVENUE NIEL;;;;750
201300054583;13;4;20;1510;1;2;2;1.0;3;117;17, RUE GUY MOQUET;;;;750
201300054584;13;4;20;1713;1;2;1;1.0;6;117;38, BOULEVARD BERTHIER;;;;750
201300054590;13;4;29;200;5;2;3;1.0;6;117;83, AVENUE NIEL;;;;750
201300054597;13;5;6;1900;1;2;2;1.0;3;117;47, RUE DES BATIGNOLLES;;;;750
201300054614;13;5;23;1422;1;2;7;1.0;3;117;82, AVENUE DE LA GRANDE;;;;750
201300054623;13;5;26;1555;1;2;7;1.0;4;117;1 bis, AVENUE MAC MAHON;;;;750
201300054637;13;6;4;1150;1;2;3;1.0;3;117;05, RUE DU DOCTEUR PAUL;;;;750
201300054638;13;6;5;800;1;2;5;1.0;3;117;70, BOULEVARD DES BATIGN;;;;750
201300054641;13;6;6;750;1;2;1;1.0;3;117;150, AVENUE DE CLICHY;;;;750
201300054649;13;6;10;1555;1;2;1;1.0;6;117;41, AVENUE DES TERNES;;;;750
201300054673;13;6;25;2205;5;2;1;1.0;3;117;16, BOULEVARD DES BATIGN;;;;750
201300054687;13;7;13;2235;5;2;1;1.0;3;117;161, RUE DE COURCELLES;;;;750
201300054716;13;8;30;1200;1;2;4;1.0;3;117;AVENUE DE LA PORTE D ASN;;;;750
201300054727;13;9;11;2000;5;2;5;1.0;3;117;1, BOULEVARD PEREIRE;;;;750
201300054753;13;10;1;1210;1;2;1;1.0;3;117;125, RUE DE ROME;;;;750
201300054757;13;10;4;1035;1;2;7;1.0;3;117;PLACE CHARLES DE GAULLE;;;;750
201300054762;13;10;9;1610;1;2;7;1.0;7;117;6, PLACE DU MARECHAL JUI;;;;750
201300054788;13;10;27;230;5;2;7;1.0;6;117;PLACE DU BRESIL;;;;750
201300054806;13;11;8;1750;5;2;1;2.0;6;117;198, RUE LEGENDRE;;;;750
201300054811;13;11;12;1930;5;2;2;2.0;6;117;66, AVENUE DE VILLIERS;;;;750
201300054827;13;11;20;1215;1;2;1;1.0;3;117;123, BOULEVARD PEREIRE;;;;750
201300054867;13;12;23;1150;1;2;3;8.0;2;117;52, RUE GUY MOQUET;;;;750
201300054903;13;2;6;2215;5;2;3;2.0;6;118;46, AVENUE DE CLICHY;;;;750
201300054919;13;2;24;1400;1;2;1;2.0;6;118;69, RUE ORDENER;;;;750
201300054954;13;4;5;1305;1;2;2;1.0;3;118;, RUE DE CLIGNANCOURT;;;;750
201300054972;13;4;22;1500;1;2;5;1.0;3;118;50, RUE ORDENER;;;;750
201300054974;13;4;25;820;1;2;5;1.0;3;118;244, RUE MARCADET;;;;750
201300055003;13;5;28;1740;1;2;2;1.0;3;118;148, RUE DAMREMONT;;;;750
201300055015;13;6;9;640;1;2;2;2.0;3;118;9, BOULEVARD ORNANO;;;;750
201300055016;13;6;10;1130;1;2;3;1.0;3;118;67, RUE RIQUET;;;;750
201300055036;13;7;3;1725;1;2;3;8.0;3;118;86, RUE RIQUET;;;;750
201300055038;13;7;6;1710;1;2;1;1.0;6;118;74, BOULEVARD DE CLICHY;;;;750
201300055040;13;7;9;1345;1;2;4;1.0;6;118;17, RUE VAUVENARGUES;;;;750
201300055045;13;7;13;1835;1;2;5;1.0;6;118;02, BOULEVARD DE ROCHECH;;;;750
201300055050;13;7;18;1730;1;2;2;1.0;6;118;1, RUE DE LA CHAPELLE;;;;750
201300055052;13;7;20;1855;1;2;5;1.0;6;118;99, RUE CHAMPIONNET;;;;750
201300055057;13;7;24;800;1;2;1;1.0;6;118;33, RUE ORDENER;;;;750
201300055066;13;7;29;1805;1;2;3;1.0;6;118;09, RUE ORDENER;;;;750
201300055068;13;8;1;2100;2;2;1;1.0;6;118;71, RUE RIQUET;;;;750
201300055075;13;8;10;1230;1;2;2;1.0;3;118;130, RUE ORDENER;;;;750
201300055081;13;8;16;820;1;2;1;1.0;3;118;4, RUE PAJOL;;;;750
201300055088;13;8;24;1748;1;2;1;1.0;3;118;21 Bis, BOULEVARD BARBES;;;;750
201300055094;13;9;4;2200;5;2;1;1.0;6;118;222, RUE CHAMPIONNET;;;;750
201300055100;13;9;13;1238;1;2;2;2.0;3;118;1, RUE DE LA CHAPELLE;;;;750
201300055136;13;10;14;850;1;2;1;1.0;3;118;90, BOULEVARD NEY;;;;750
201300055150;13;10;25;1945;5;2;1;2.0;3;118;120, AVENUE DE SAINT OUE;;;;750
201300055153;13;10;28;1310;1;2;2;1.0;3;118;RUE CHAMPIONNET;;;;750
201300055155;13;10;29;1525;1;2;4;1.0;3;118;AVENUE DE LA PORTE DE LA;;;;750
201300055189;13;11;25;1940;5;2;1;1.0;6;110;51, BOULEVARD DE LA CHAP;;;;750
201300055242;13;1;22;750;2;2;3;8.0;3;119;58, BOULEVARD DE LA VILL;;;;750
201300055249;13;2;5;1350;1;2;1;8.0;2;119;47, RUE D AUBERVILLIERS;;;;750
201300055252;13;2;7;745;2;2;1;2.0;1;119;221, AVENUE JEAN JAURES;;;;750
201300055255;13;2;8;1610;1;2;1;1.0;3;119;1, PLACE DES FETES;;;;750
201300055276;13;3;21;1010;1;2;4;1.0;3;119;126, AVENUE SIMON BOLIVA;;;;750
201300055299;13;4;24;1850;1;2;3;1.0;1;119;QUAI DE LA MARNE;;;;750
201300055303;13;5;2;820;1;2;2;8.0;2;119;AVENUE SIMON BOLIVAR;;;;750
201300055327;13;6;6;1930;1;2;2;1.0;6;119;145, AVENUE JEAN JAURES;;;;750
201300055334;13;6;16;1445;1;2;7;1.0;3;119;204, BOULEVARD DE LA VIL;;;;750
201300055346;13;7;1;1710;1;2;7;1.0;6;119;10, BOULEVARD DE LA VILL;;;;750
201300055360;13;7;10;1740;1;2;3;1.0;2;119;95 bis, RUE DE CRIMEE;;;;750
201300055362;13;7;12;1840;1;2;3;1.0;3;119;17, RUE DE LA MOSELLE;;;;750
201300055376;13;7;26;2030;1;2;1;1.0;6;119;63, RUE DE L OURCQ;;;;750
201300055379;13;7;31;1000;1;2;1;1.0;2;119;71, QUAI DE LA SEINE;;;;750
201300055380;13;7;31;2120;2;2;3;1.0;3;119;41, QUAI DE L OISE;;;;750
201300055389;13;8;30;730;1;2;5;1.0;3;119;AVENUE SIMON BOLIVAR;;;;750
201300055397;13;9;2;2000;1;2;3;1.0;3;119;14, RUE DE THIONVILLE;;;;750
201300055398;13;9;3;1740;1;2;4;1.0;3;119;PORTE DE PANTIN;;;;750
201300055433;13;10;13;1645;1;2;1;1.0;7;119;81, RUE DE CRIMEE;;;;750
201300055435;13;10;13;2045;5;2;7;1.0;3;119;4, PLACE DE LA BATAILLE;;;;750
201300055441;13;10;18;1855;2;2;2;1.0;6;119;109, AVENUE SIMON BOLIVA;;;;750
201300055442;13;10;18;2300;5;2;1;1.0;2;119;6, RUE ARMAND CARREL;;;;750
201300055447;13;10;23;1650;1;2;1;1.0;7;119;AVENUE DE LA PORTE DE LA;;;;750
201300055470;13;11;15;915;1;2;2;1.0;3;119;141, AVENUE JEAN JAURES;;;;750
201300055476;13;11;25;1335;1;2;3;1.0;2;119;AVENUE DE LA PORTE DES L;;;;750
201300055479;13;12;3;905;1;2;3;1.0;3;119;AVENUE DE LA PORTE DES L;;;;750
201300055487;13;12;16;845;1;2;3;1.0;3;119;AVENUE DE LA PORTE DE LA;;;;750
201300055497;13;12;24;1535;1;2;2;2.0;6;119;86, RUE BOTZARIS;;;;750
201300055501;13;12;29;130;5;2;1;1.0;2;119;45, RUE RIQUET;;;;750
201300055532;13;2;7;1230;1;2;7;8.0;2;120;6, PLACE GAMBETTA;;;;750
201300055538;13;2;16;1420;1;2;2;1.0;6;120;118, RUE DES PYRENEES;;;;750
201300055556;13;3;18;1920;5;2;1;2.0;6;120;44, AVENUE GAMBETTA;;;;750
201300055557;13;3;21;1735;1;2;3;1.0;3;120;62, BOULEVARD DE BELLEVI;;;;750
201300055560;13;3;25;1405;1;2;1;1.0;3;120;15 bis, RUE SORBIER;;;;750
201300055579;13;4;8;1955;2;2;1;1.0;6;120;261, AVENUE GAMBETTA;;;;750
201300055581;13;4;11;820;1;2;3;1.0;2;120;135, RUE DES PYRENEES;;;;750
201300055596;13;5;4;1740;1;2;1;1.0;6;120;45, RUE DE MENILMONTANT;;;;750
201300055610;13;5;28;1025;1;2;2;2.0;3;120;129, RUE DES PYRENEES;;;;750
201300055621;13;6;4;925;1;2;5;1.0;6;120;115, RUE DES PYRENEES;;;;750
201300055625;13;6;6;2048;1;2;1;1.0;2;120;147, RUE D AVRON;;;;750
201300055627;13;6;7;1755;1;2;7;1.0;3;120;1, PLACE AUGUSTE METIVIE;;;;750
201300055638;13;6;19;1700;1;2;1;8.0;6;120;133, RUE D AVRON;;;;750
201300055652;13;7;2;35;5;2;1;1.0;6;120;10, AVENUE GAMBETTA;;;;750
201300055656;13;7;7;45;5;2;2;1.0;3;120;RUE DES GATINES;;;;750
201300055659;13;7;8;1600;1;2;3;1.0;6;120;0, RUE SAINT BLAISE;;;;750
201300055660;13;7;9;1005;1;2;5;1.0;3;120;0, AVENUE DE LA PORTE DE;;;;750
201300055668;13;7;14;1245;1;2;1;1.0;6;120;45, BOULEVARD DAVOUT;;;;750
201300055672;13;7;16;1400;1;2;1;1.0;6;120;5, AVENUE DE LA PORTE DE;;;;750
201300055677;13;7;22;2025;1;2;1;1.0;6;120;64, RUE DE BELLEVILLE;;;;750
201300055678;13;7;23;1830;1;2;2;1.0;3;120;RUE DE LAGNY;;;;750
201300055686;13;7;31;1800;1;2;2;1.0;3;120;25, BOULEVARD DAVOUT;;;;750
201300055694;13;8;5;1840;1;2;3;1.0;3;120;13, RUE MARYSE HILSZ;;;;750
201300055706;13;8;26;1335;1;2;1;1.0;3;120;20, AVENUE BENOIT FRACHO;;;;750
201300055712;13;9;1;1520;1;2;1;1.0;6;120;55, BOULEVARD MORTIER;;;;750
201300055714;13;9;3;1245;1;2;1;1.0;6;120;32, BOULEVARD DE BELLEVI;;;;750
201300055717;13;9;9;1555;1;2;1;2.0;6;120;146, BOULEVARD DE MENILM;;;;750
201300055725;13;9;15;1315;1;2;1;1.0;6;120;41, COURS DE VINCENNES;;;;750
201300055727;13;9;17;2335;5;2;2;2.0;1;120;49, RUE DES PYRENEES;;;;750
201300055735;13;9;25;1600;1;2;2;1.0;6;120;75, AVENUE GAMBETTA;;;;750
201300055742;13;10;4;1530;1;2;7;1.0;3;111;11 bis, PLACE DE LA NATI;;;;750
201300055758;13;10;16;1335;1;2;2;2.0;3;120;60, RUE DE BAGNOLET;;;;750
201300055759;13;10;17;1545;1;2;3;1.0;6;120;8, RUE DE BELLEVILLE;;;;750
201300055805;13;12;8;455;5;2;2;1.0;3;120;RUE LOUIS LUMIERE;;;;750
201300055813;13;12;15;1250;1;2;1;1.0;2;120;59, RUE SAINT BLAISE;;;;750
201300055848;13;1;31;830;1;2;5;1.0;3;111;RUE DU CHEMIN VERT;;;;750
201300055849;13;2;1;1150;1;2;1;2.0;4;108;63, RUE DE COURCELLES;;;;750
201300055871;13;2;25;1845;5;2;2;2.0;2;104;16, PONT AU CHANGE;;;;750
201300055880;13;3;6;1720;1;2;4;1.0;6;119;96, BOULEVARD SERURIER;;;;750
201300055893;13;3;21;740;1;2;2;1.0;3;105;0, BOULEVARD SAINT MICHE;;;;750
201300055896;13;3;27;40;5;2;1;1.0;2;103;RUE DES ARCHIVES;;;;750
201300055914;13;4;8;627;1;2;2;1.0;3;104;50, RUE DE RIVOLI;;;;750
201300055929;13;4;21;1354;1;2;2;1.0;3;118;RUE MARCADET;;;;750
201300055934;13;4;23;1949;1;2;1;1.0;3;106;6, QUAI MALAQUAIS;;;;750
201300055970;13;5;23;1042;1;2;1;1.0;2;103;22, RUE BEAUBOURG;;;;750
201300055987;13;6;6;1730;1;2;4;1.0;6;112;75, RUE CROZATIER;;;;750
201300055995;13;6;16;2240;5;2;7;1.0;2;104;PLACE DU CHATELET;;;;750
201300055997;13;6;18;1519;1;2;5;1.0;2;102;84, BOULEVARD MONTMARTRE;;;;750
201300056023;13;7;7;1720;1;2;3;1.0;3;107;5, PLACE HENRY DE MONTHE;;;;750
201300056044;13;7;30;830;1;2;1;1.0;6;112;124, AVENUE DAUMESNIL;;;;750
201300056046;13;7;30;1210;1;2;2;1.0;3;111;/, BOULEVARD VOLTAIRE;;;;750
201300056054;13;8;14;1844;1;2;1;1.0;3;118;110, BOULEVARD DE ROCHEC;;;;750
201300056062;13;8;19;2305;5;2;2;1.0;3;111;74, RUE DU CHEMIN VERT;;;;750
201300056081;13;9;5;1416;1;2;2;1.0;3;111;BOULEVARD JULES FERRY;;;;750
201300056110;13;10;2;930;1;2;2;1.0;4;103;63, RUE DE TURBIGO;;;;750
201300056140;13;10;26;50;5;2;1;1.0;7;104;37, BOULEVARD BOURDON;;;;750
201300056155;13;11;9;400;5;2;1;1.0;3;112;34 (face), QUAI DE LA RA;;;;750
201300056194;13;12;16;2015;5;2;2;1.0;2;105;11, BOULEVARD SAINT GERM;;;;750
201300056820;13;6;12;1430;1;1;1;1.0;7;24;;A;0.0;0.0;972
201300056878;13;6;9;1615;1;1;1;1.0;1;34;;A;0.0;0.0;971
201300056890;13;4;17;945;1;1;1;8.0;2;9;;A;0.0;0.0;971
201300056905;13;7;30;645;1;1;1;1.0;1;14;;A;0.0;0.0;971
201300056951;13;6;28;2145;3;2;1;1.0;3;29;Section Bone;A;0.0;0.0;971
201300056972;13;9;4;1700;2;1;1;2.0;1;17;;A;0.0;0.0;971
201300057003;13;2;4;1515;1;1;1;1.0;6;28;;A;0.0;0.0;971
201300057006;13;4;17;2045;5;2;1;1.0;7;25;Section BOIS DE VIPART;A;0.0;0.0;971
201300057021;13;4;29;630;1;1;1;1.0;1;16;;A;0.0;0.0;971
201300057022;13;5;24;1900;1;2;1;1.0;1;16;;A;0.0;0.0;971
201300057030;13;10;24;815;1;1;1;2.0;1;16;;A;0.0;0.0;971
201300057037;13;8;25;545;2;1;1;1.0;2;5;;G;0.0;0.0;973
201300057039;13;10;10;930;1;1;1;1.0;1;5;;G;0.0;0.0;973
201300057049;13;8;10;900;1;1;1;1.0;3;4;;G;0.0;0.0;973
201300057050;13;10;20;930;1;2;1;1.0;3;4;;G;0.0;0.0;973
201300057068;13;4;25;1215;1;2;1;1.0;1;11;18 rue Emmanuel TOLINGA;G;0.0;0.0;973
201300057077;13;12;17;715;1;2;1;1.0;1;11;avenue paul castaing;G;0.0;0.0;973
201300057085;13;11;8;1830;3;1;1;1.0;1;6;;G;0.0;0.0;973
201300057086;13;1;15;1015;1;2;1;1.0;7;53;32 avenue L?onard Domerg;G;0.0;0.0;973
201300057114;13;5;1;2315;3;1;1;1.0;1;2;;R;0.0;0.0;974
201300057115;13;9;20;1845;3;1;1;1.0;1;2;;R;0.0;0.0;974
201300057121;13;12;23;815;1;1;1;1.0;3;19;;R;0.0;0.0;974
201300057124;13;1;7;1800;1;2;1;1.0;2;6;327 RUE DE LA REPUBLIQUE;R;0.0;0.0;974
201300057126;13;12;7;1730;1;2;1;2.0;2;6;rue des eucalyptus;R;0.0;0.0;974
201300057140;13;8;25;730;1;1;1;1.0;2;15;;R;;;974
201300057145;13;8;18;1330;1;1;1;1.0;2;15;;R;0.0;0.0;974
201300057148;13;1;17;1700;1;2;1;1.0;1;14;RUE PENTE NICOLE;R;;;974
201300057149;13;1;28;1630;1;2;1;1.0;3;14;;R;;;974
201300057150;13;3;5;1845;2;1;1;1.0;1;14;;R;;;974
201300057153;13;8;12;1800;2;2;1;1.0;1;14;96 rue de la p?pini?re;R;;;974
201300057155;13;10;14;1400;1;2;1;1.0;1;14;Rue Julia Sin?dia;R;;;974
201300057159;13;7;2;1600;1;1;1;1.0;3;3;;R;0.0;0.0;974
201300057183;13;8;25;1915;3;1;1;1.0;6;17;;R;0.0;0.0;974
201300057184;13;9;8;645;1;2;1;1.0;2;17;RN2 - Le Baril;R;0.0;0.0;974
201300057187;13;4;20;1045;1;1;3;1.0;3;22;;R;;;974
201300057189;13;6;27;2000;3;1;1;1.0;1;22;;R;;;974
201300057221;13;2;2;1230;1;2;1;1.0;1;3;route du camp dugommier;A;0.0;0.0;971
201300057223;13;2;24;615;2;2;1;1.0;6;3;ZI JARRY  VOIE PRINCIPAL;A;0.0;0.0;971
201300057228;13;7;23;715;1;1;1;1.0;1;3;;A;0.0;0.0;971
201300057247;13;1;30;1745;1;2;1;1.0;1;9;chemin morne coco;G;0.0;0.0;973
201300057250;13;2;9;1400;1;2;1;1.0;1;9;Route de R?mire;G;0.0;0.0;973
201300057253;13;3;22;1745;1;2;1;1.0;3;9;;G;0.0;0.0;973
201300057262;13;7;30;1700;2;2;1;1.0;4;9;RD 2;G;0.0;0.0;973
201300057273;13;5;1;1830;3;2;1;1.0;1;15;rue louis desjardins;R;;;974
201300057280;13;2;18;1200;1;1;1;2.0;3;4;;G;0.0;0.0;973
201300057298;13;10;26;45;5;1;1;1.0;2;7;;G;0.0;0.0;973
201300057313;13;12;22;800;1;2;1;1.0;2;13;;R;0.0;0.0;974
201300057323;13;6;9;915;1;1;1;7.0;2;14;;R;0.0;0.0;974
201300057325;13;12;20;1130;1;2;2;1.0;1;14;rue de Paris et Pr?toria;R;0.0;0.0;974
201300057330;13;7;28;615;1;1;1;2.0;7;10;;R;0.0;0.0;974
201300057372;13;3;11;1745;1;1;1;1.0;7;7;;A;0.0;0.0;972
201300057378;13;3;15;1900;5;2;1;1.0;3;14;14 RUE DES RAMIERS;A;0.0;0.0;972
201300057395;13;5;14;1200;1;1;3;1.0;1;4;;R;0.0;0.0;974
201300057415;13;6;1;800;1;2;6;1.0;3;5;GOUVERNEUR DU LYON (AVE);A;0.0;0.0;971
201300057432;13;3;15;2030;5;2;1;1.0;3;7;FLAMBOYANTS ( ALLEE DES);A;0.0;0.0;971
201300057473;13;3;7;55;3;1;1;1.0;2;1;RD 126, PALAIS ROYAL;A;0.0;0.0;971
201300057477;13;3;15;1355;1;1;3;1.0;6;1;00, PETIT PEROU;A;0.0;0.0;971
201300057491;13;4;13;2045;3;2;1;1.0;1;20;RD 126, GERTY ARCHIMEDE;A;0.0;0.0;971
201300057492;13;4;14;1800;2;2;3;1.0;3;1;RD 126, Fr?d?ric JALTON;A;0.0;0.0;971
201300057502;13;5;7;1030;1;2;1;1.0;3;20;00, RASPAIL;A;0.0;0.0;971
201300057510;13;6;8;650;1;1;1;1.0;1;1;00, Fr?d?ric JALTON;A;0.0;0.0;971
201300057542;13;10;20;1630;1;1;1;8.0;6;13;00, SECTION PLIANE;A;0.0;0.0;971
201300057552;13;11;11;1020;1;1;6;1.0;3;1;RN 5, PERRIN;A;0.0;0.0;971
201300057655;13;7;12;1815;2;2;1;1.0;3;9;REDOUTE (ROUTE DE LA);A;0.0;0.0;972
201300057666;13;8;11;210;5;2;1;1.0;6;9;RD 41, RD 41;A;0.0;0.0;972
201300057786;13;12;5;638;1;1;1;1.0;3;13;ROUTE DEPARTEMENTALE 15;;;;972
201300057797;13;1;11;1545;1;2;1;1.0;3;2;58, FLAMBOYANTS (RUE DES;G;0.0;0.0;973
201300057800;13;1;15;2045;5;2;1;1.0;3;2;150, MONTABO (ROUTE DE);G;0.0;0.0;973
201300057811;13;2;16;2315;4;2;1;1.0;2;2;121, REPUBLIQUE (BD DE L;G;0.0;0.0;973
201300057820;13;3;21;1405;1;2;3;1.0;6;2;64, JUBELIN (BOULEVARD);G;0.0;0.0;973
201300057848;13;6;14;1430;1;2;1;1.0;2;2;9001, FLAMBOYANTS (RUE D;G;0.0;0.0;973
201300057864;13;7;17;1220;1;2;1;1.0;2;2;3312, BADUEL (ROUTE DE);G;0.0;0.0;973
201300057874;13;8;11;655;1;1;6;1.0;2;2;MARINGOUINS (ROND-POINT);G;0.0;0.0;973
201300057877;13;8;26;1915;5;2;1;1.0;6;2;5, FAUBOURG L'ABRI (CITE;G;0.0;0.0;973
201300057889;13;9;23;2005;5;2;2;1.0;3;2;2, BLANC (LOUIS);G;0.0;0.0;973
201300057891;13;9;25;1525;1;2;3;1.0;3;2;1613, RABAN (ROUTE DE);G;0.0;0.0;973
201300057897;13;10;18;750;1;2;3;1.0;3;2;0, LIBERTE (AVENUE DE LA;G;0.0;0.0;973
201300057915;13;12;14;1205;1;1;1;1.0;3;2;31, LA ROSERAIE(CITE);;;;973
201300057916;13;12;17;1600;1;1;3;3.0;1;2;21332, MONTABO (ROUTE DE;;;;973
201300057917;13;10;5;710;3;2;1;1.0;7;2;BADUEL (ROUTE DE);G;0.0;0.0;973
201300057960;13;6;6;1515;1;2;1;1.0;6;7;ROND POINT DE CAMBAIE;R;0.0;0.0;974
201300057981;13;8;26;730;1;2;1;1.0;7;7;DE GAULLE(RUE);R;;;974
201300057996;13;10;31;900;1;2;1;1.0;3;7;34, MONDON (AVENUE);R;0.0;0.0;974
201300058010;13;12;10;1700;1;2;2;1.0;3;7;COMMUNE DE PARIS (AVENUE;R;0.0;0.0;974
201300058020;13;2;12;1925;3;2;1;1.0;6;9;LACOARET(RUE);R;0.0;0.0;974
201300058022;13;2;18;715;1;2;1;2.0;6;9;LACOARET(RUE);R;;;974
201300058028;13;3;8;1400;1;1;1;1.0;6;9;0, DIORE(CHEMIN);R;0.0;0.0;974
201300058030;13;4;4;540;3;2;1;2.0;2;9;0000, Ravine creuse (che;R;;;974
201300058038;13;4;29;1855;5;1;1;1.0;3;9;001, DU PERE REPOND(RUE);R;;;974
201300058039;13;3;13;1755;2;1;1;1.0;1;9;001, PARC DU COLOSSE (ru;R;;;974
201300058040;13;4;10;1855;3;1;1;1.0;2;9;001, MAUNIER(RUE);R;;;974
201300058048;13;3;15;1040;1;2;2;1.0;3;9;00, Rio (chemin);R;0.0;0.0;974
201300058055;13;6;8;1430;1;2;1;1.0;5;9;DE BOURBON(AVENUE);R;;;974
201300058058;13;6;28;1415;1;2;1;1.0;2;9;DE LA GARE(RUE);R;0.0;0.0;974
201300058063;13;7;9;1855;5;2;1;1.0;2;9;MASCAREIGNES (Avenue des;R;;;974
201300058064;13;7;10;2100;5;2;1;1.0;7;9;IGNORE, ILE DE FRANCE(AV;R;;;974
201300058069;13;10;20;2000;5;2;3;1.0;3;9;Ignor?, DE LA GARE(RUE);;;;974
201300058132;13;6;28;1950;3;2;1;1.0;6;11;PICARDIE (RUE DE LA);R;;;974
201300058166;13;11;27;1255;1;2;4;1.0;5;11;MAZAGRAN (RUE);R;0.0;0.0;974
201300058198;13;1;13;1130;1;2;1;1.0;7;16;SANS, LORION (RUE LUC);R;0.0;0.0;974
201300058211;13;2;11;1515;1;1;1;1.0;2;16;SANS, ARCHAMBAUD 400 (CH;R;;;974
201300058217;13;2;24;1625;1;1;1;2.0;3;16;SANS, CIMETIERE (CHEMIN;R;0.0;0.0;974
201300058241;13;4;4;2305;5;2;1;1.0;3;16;, ROBINET DE LA SERVE (R;R;;;974
201300058255;13;5;2;1910;3;2;1;1.0;6;16;ANCIENNE RN2;R;0.0;0.0;974
201300058257;13;5;4;2300;3;2;1;1.0;6;16;19, BECS ROSES (ALLEE DE;R;;;974
201300058260;13;5;8;800;1;1;1;1.0;6;16;BASSIN PLAT(CHEMIN);R;;;974
201300058263;13;5;16;745;1;2;1;1.0;6;16;BORDIER (CHEMIN);R;;;974
201300058277;13;6;3;1814;5;1;1;1.0;7;16;SANS, ECHANGEUR (MONT CA;R;;;974
201300058284;13;6;12;1650;1;2;1;1.0;3;16;SANS, CHEMINEE (ALLEE  D;R;;;974
201300058298;13;7;12;1635;1;2;3;1.0;3;16;SANS, BABET (RUE AUGUSTE;R;0.0;0.0;974
201300058312;13;8;9;1430;1;1;3;1.0;3;16;SANS, RN3 (ANCIENNE ROUT;R;0.0;0.0;974
201300058359;13;10;26;1200;1;1;1;1.0;6;16;SANS, DELISLES (ROUTE HU;R;0.0;0.0;974
201300058361;13;11;4;1800;1;1;1;1.0;3;16;RN1;R;0.0;0.0;974
201300058386;13;12;16;1925;3;2;3;1.0;3;16;SANS, PAVE(RUE);;;;974